SR_NUMBER,SR_TYPE,SR_SHORT_CODE,CREATED_DEPARTMENT,OWNER_DEPARTMENT,STATUS,ORIGIN,CREATED_DATE,LAST_MODIFIED_DATE,CLOSED_DATE,STREET_ADDRESS,CITY,STATE,ZIP_CODE,STREET_NUMBER,STREET_DIRECTION,STREET_NAME,STREET_TYPE,DUPLICATE,LEGACY_RECORD,LEGACY_SR_NUMBER,PARENT_SR_NUMBER,COMMUNITY_AREA,WARD,ELECTRICAL_DISTRICT,ELECTRICITY_GRID,POLICE_SECTOR,POLICE_DISTRICT,POLICE_BEAT,PRECINCT,SANITATION_DIVISION_DAYS,CREATED_HOUR,CREATED_DAY_OF_WEEK,CREATED_MONTH,X_COORDINATE,Y_COORDINATE,LATITUDE,LONGITUDE,LOCATION
SR22-02207626,Animal In Trap Complaint,EBD,311 City Services,Animal Care and Control,Completed,Phone Call,12/30/2022 10:57:32 AM,12/30/2022 11:16:21 AM,12/30/2022 11:16:21 AM,827 W 34TH PL,,,,827,W,34TH,PL,false,false,,,60,11,,N029,1,09,0913,19,,10,6,12,1171238.738544396,1881947.650777185,41.831541001,-87.6472155,"(41.83154100094027, -87.6472155000019)"
SR22-02179838,Animal In Trap Complaint,EBD,311 City Services,Animal Care and Control,Canceled,Phone Call,12/23/2022 03:21:40 PM,12/24/2022 07:26:13 AM,12/24/2022 07:26:13 AM,10432 S PROSPECT AVE,,,,10432,S,PROSPECT,AVE,false,false,,,72,19,,L047,1,22,2212,37,,15,6,12,1167455.493297927,1835355.463507123,41.703768001,-87.66243,"(41.70376800093983, -87.66243000000192)"
SR22-02159849,Animal In Trap Complaint,EBD,311 City Services,Animal Care and Control,Completed,Phone Call,12/19/2022 10:29:07 PM,12/20/2022 09:39:07 AM,12/20/2022 09:39:07 AM,9323 S ELIZABETH ST,,,,9323,S,ELIZABETH,ST,false,false,,,73,21,,M044,2,22,2222,49,,22,2,12,1169704.408726694,1842827.851160054,41.724225001,-87.653979,"(41.72422500093989, -87.65397900000191)"
SR22-02151779,Animal In Trap Complaint,EBD,311 City Services,Animal Care and Control,Completed,Phone Call,12/18/2022 10:26:39 AM,12/18/2022 01:36:18 PM,12/18/2022 01:36:18 PM,9918 S EXCHANGE AVE,,,,9918,S,EXCHANGE,AVE,false,false,,,51,10,,W046,3,04,0431,21,,10,1,12,1197398.690328521,1839628.799440617,41.714802001,-87.5526435,"(41.71480200093984, -87.55264350000192)"
SR22-02141864,Animal In Trap Complaint,EBD,311 City Services,Animal Care and Control,Completed,Phone Call,12/15/2022 09:45:33 PM,12/16/2022 09:29:34 AM,12/16/2022 09:29:34 AM,215 N PARKSIDE AVE,,,,215,N,PARKSIDE,AVE,false,false,,,25,29,,B022,1,15,1512,11,,21,5,12,1138649.656023004,1901073.472276368,41.884677001,-87.766326,"(41.88467700094046, -87.76632600000191)"
SR22-02133070,Animal In Trap Complaint,EBD,311 City Services,Animal Care and Control,Canceled,Phone Call,12/14/2022 12:02:08 PM,12/14/2022 12:11:58 PM,12/14/2022 12:11:58 PM,9919 S EMERALD AVE,,,,9919,S,EMERALD,AVE,false,false,,,73,21,,O046,3,22,2232,34,,12,4,12,1173128.36041847,1838994.900057872,41.713632001,-87.64155,"(41.713632000939846, -87.64155000000191)"
SR22-02124032,Animal In Trap Complaint,EBD,,Animal Care and Control,Canceled,Mobile Device,12/12/2022 08:40:58 PM,12/13/2022 07:29:25 AM,12/13/2022 07:29:25 AM,4704 N HERMITAGE AVE,,,,4704,N,HERMITAGE,AVE,false,false,,,3,47,,L011,1,19,1912,34,,20,2,12,1163878.625966206,1931346.037318173,41.967252001,-87.672825,"(41.967252000940725, -87.67282500000191)"
SR22-02121131,Animal In Trap Complaint,EBD,311 City Services,Animal Care and Control,Completed,Phone Call,12/12/2022 12:35:31 PM,12/12/2022 04:44:09 PM,12/12/2022 04:44:09 PM,1237 W 108TH ST,,,,1237,W,108TH,ST,false,false,,,75,21,,M048,3,22,2234,47,,12,2,12,1169802.224430012,1833078.077272452,41.697468001,-87.6539025,"(41.69746800093979, -87.6539025000019)"
SR22-02120213,Animal In Trap Complaint,EBD,311 City Services,Animal Care and Control,Completed,Phone Call,12/12/2022 10:52:30 AM,12/12/2022 03:30:47 PM,12/12/2022 11:31:35 AM,,,,,,,,,false,false,,,,,,,,,,,,10,2,12,,,,,
SR22-02115835,Animal In Trap Complaint,EBD,,Animal Care and Control,Completed,Internet,12/11/2022 12:08:23 PM,12/11/2022 05:57:39 PM,12/11/2022 05:57:39 PM,2023 S WABASH AVE,,,,2023,S,WABASH,AVE,false,false,,,33,3,,Q026,3,01,0131,17,,12,1,12,1177210.200601069,1890451.417999906,41.854743001,-87.6250485,"(41.85474300094035, -87.6250485000019)"
SR22-02112962,Animal In Trap Complaint,EBD,311 City Services,Animal Care and Control,Canceled,Phone Call,12/10/2022 01:10:35 PM,12/10/2022 01:32:33 PM,12/10/2022 01:32:33 PM,215 N PARKSIDE AVE,,,,215,N,PARKSIDE,AVE,false,false,,,25,29,,B022,1,15,1512,11,,13,7,12,1138649.656023004,1901073.472276368,41.884677001,-87.766326,"(41.88467700094046, -87.76632600000191)"
SR22-02112890,Animal In Trap Complaint,EBD,311 City Services,Animal Care and Control,Completed,Phone Call,12/10/2022 12:41:35 PM,12/10/2022 05:27:23 PM,12/10/2022 05:27:23 PM,215 N PARKSIDE AVE,,,,215,N,PARKSIDE,AVE,false,false,,,25,29,,B022,1,15,1512,11,,12,7,12,1138649.656023004,1901073.472276368,41.884677001,-87.766326,"(41.88467700094046, -87.76632600000191)"
SR22-02097043,Animal In Trap Complaint,EBD,311 City Services,Animal Care and Control,Canceled,Phone Call,12/07/2022 11:55:31 AM,12/07/2022 12:20:16 PM,12/07/2022 12:20:16 PM,4219 W ADAMS ST,,,,4219,W,ADAMS,ST,false,false,,,26,28,,F023,1,11,1115,7,,11,4,12,1148214.438028463,1898583.703321514,41.877666001,-87.7312665,"(41.87766600094042, -87.73126650000192)"
SR22-02092629,Animal In Trap Complaint,EBD,Alderman,Animal Care and Control,Completed,Alderman's Office,12/06/2022 03:42:42 PM,12/06/2022 05:55:58 PM,12/06/2022 05:55:58 PM,8601 S DANTE AVE,,,,8601,S,DANTE,AVE,false,false,,,45,8,,T042,1,04,0412,52,,15,3,12,1187446.988789904,1848195.942913071,41.738553001,-87.588819,"(41.738553000939916, -87.5888190000019)"
SR22-02089093,Animal In Trap Complaint,EBD,Animal Care and Control,Animal Care and Control,Completed,Phone Call,12/06/2022 10:26:40 AM,12/06/2022 12:19:39 PM,12/06/2022 12:19:39 PM,10221 S CALUMET AVE,,,,10221,S,CALUMET,AVE,false,false,,,49,9,,Q046,1,05,0511,5,,10,3,12,1180463.004384086,1837178.970518923,41.708484001,-87.6147435,"(41.70848400093984, -87.61474350000191)"
SR22-02083115,Animal In Trap Complaint,EBD,311 City Services,Animal Care and Control,Completed,Phone Call,12/05/2022 12:05:22 PM,12/05/2022 08:11:38 PM,12/05/2022 08:11:38 PM,8259 S BURLEY AVE,,,,8259,S,BURLEY,AVE,false,false,,,46,7,,Y041,2,04,0424,22,,12,2,12,1199322.917836894,1850627.062083289,41.744934001,-87.5452275,"(41.74493400093996, -87.5452275000019)"
SR22-02059018,Animal In Trap Complaint,EBD,311 City Services,Animal Care and Control,Canceled,Phone Call,11/30/2022 12:13:16 PM,11/30/2022 01:03:46 PM,11/30/2022 01:03:46 PM,4227 W SCHUBERT AVE,,,,4227,W,SCHUBERT,AVE,false,false,,,20,31,,F016,2,25,2524,40,,12,4,11,1147625.050567678,1917583.316021608,41.929814241,-87.732942344,"(41.92981424134335, -87.73294234366867)"
SR22-02058682,Animal In Trap Complaint,EBD,311 City Services,Animal Care and Control,Canceled,Phone Call,11/30/2022 11:28:08 AM,11/30/2022 12:57:22 PM,11/30/2022 12:57:22 PM,431 E 87TH ST,,,,431,E,87TH,ST,false,false,,,44,9,,R043,3,06,0632,12,,11,4,11,1180782.30364234,1847338.974031649,41.736357001,-87.613263,"(41.73635700093994, -87.61326300000192)"
SR22-02054874,Animal In Trap Complaint,EBD,311 City Services,Animal Care and Control,Canceled,Phone Call,11/29/2022 02:46:08 PM,11/30/2022 08:07:17 AM,11/30/2022 08:07:17 AM,3247 S WELLS ST,,,,3247,S,WELLS,ST,false,false,,,34,11,,P029,1,09,0915,35,,14,3,11,1175221.530776101,1883245.796902904,41.835015001,-87.6325635,"(41.83501500094031, -87.63256350000191)"
SR22-02044474,Animal In Trap Complaint,EBD,311 City Services,Animal Care and Control,Completed,Phone Call,11/28/2022 07:17:14 AM,11/28/2022 09:55:33 AM,11/28/2022 09:55:33 AM,7919 S HERMITAGE AVE,,,,7919,S,HERMITAGE,AVE,false,false,,,71,17,,L041,1,06,0611,4,,7,2,11,1166202.714626917,1852082.04440258,41.749695001,-87.666543,"(41.74969500093999, -87.66654300000194)"
SR22-02030174,Animal In Trap Complaint,EBD,311 City Services,Animal Care and Control,Canceled,Phone Call,11/23/2022 06:55:17 PM,11/24/2022 11:42:51 AM,11/24/2022 11:42:51 AM,856 W GUNNISON ST,,,,856,W,GUNNISON,ST,false,false,,,3,46,,N010,2,20,2024,40,,18,4,11,1169417.296233537,1932494.703186228,41.970285001,-87.6524265,"(41.97028500094078, -87.65242650000192)"
SR22-02028280,Animal In Trap Complaint,EBD,311 City Services,Animal Care and Control,Canceled,Phone Call,11/23/2022 12:53:14 PM,11/23/2022 02:45:18 PM,11/23/2022 02:45:18 PM,10515 S LAFAYETTE AVE,,,,10515,S,LAFAYETTE,AVE,false,false,,,49,34,,P047,1,05,0512,18,,12,4,11,1177866.96855264,1835183.060421098,41.703066001,-87.6243105,"(41.70306600093985, -87.6243105000019)"
SR22-02024723,Animal In Trap Complaint,EBD,311 City Services,Animal Care and Control,Canceled,Phone Call,11/22/2022 05:38:03 PM,11/22/2022 06:18:30 PM,11/22/2022 06:18:30 PM,52 N LARAMIE AVE,,,,52,N,LARAMIE,AVE,false,false,,,25,28,,C022,2,15,1522,14,,17,3,11,1141622.924101503,1900106.106467037,41.881968001,-87.7554315,"(41.88196800094042, -87.75543150000192)"
SR22-02009918,Animal In Trap Complaint,EBD,311 City Services,Animal Care and Control,Completed,Phone Call,11/19/2022 05:30:32 PM,11/20/2022 10:03:35 AM,11/20/2022 10:03:35 AM,9926 S PARNELL AVE,,,,9926,S,PARNELL,AVE,false,false,,,73,9,,O046,3,22,2232,21,,17,7,11,1174313.269673396,1838942.13548619,41.713461001,-87.637212,"(41.71346100093985, -87.6372120000019)"
SR22-01997369,Animal In Trap Complaint,EBD,Animal Care and Control,Animal Care and Control,Completed,Phone Call,11/17/2022 08:33:00 AM,11/17/2022 10:13:42 AM,11/17/2022 10:13:42 AM,5943 N PAULINA ST,,,,5943,N,PAULINA,ST,false,false,,,77,40,,L008,1,20,2012,22,,8,5,11,1164275.691989556,1939509.345916942,41.989644001,-87.671133,"(41.9896440009408, -87.6711330000019)"
SR22-01993466,Animal In Trap Complaint,EBD,311 City Services,Animal Care and Control,Canceled,Phone Call,11/16/2022 12:35:59 PM,11/16/2022 12:39:54 PM,11/16/2022 12:39:54 PM,6215 S EBERHART AVE,,,,6215,S,EBERHART,AVE,false,false,,,42,20,,R036,1,03,0313,3,,12,4,11,1180726.566529554,1863822.557788447,41.781591001,-87.6129615,"(41.781591000940075, -87.6129615000019)"
SR22-01976808,Animal In Trap Complaint,EBD,,Animal Care and Control,Completed,Mobile Device,11/13/2022 10:40:05 AM,11/13/2022 12:29:41 PM,11/13/2022 12:29:41 PM,3343 W WALNUT ST,,,,3343,W,WALNUT,ST,false,false,,,27,28,,H022,2,11,1123,2,,10,1,11,1153878.547670592,1901349.602976348,41.885145001,-87.7103955,"(41.885145000940476, -87.71039550000191)"
SR22-01973886,Animal In Trap Complaint,EBD,311 City Services,Animal Care and Control,Canceled,Phone Call,11/12/2022 12:07:36 PM,11/12/2022 12:13:21 PM,11/12/2022 12:13:21 PM,8835 S GREENWOOD AVE,,,,8835,S,GREENWOOD,AVE,false,false,,,47,8,,S043,1,04,0412,38,,12,7,11,1185235.951878475,1846494.405092344,41.733936001,-87.596973,"(41.73393600093995, -87.59697300000191)"
SR22-01969914,Animal In Trap Complaint,EBD,311 City Services,Animal Care and Control,Canceled,Phone Call,11/11/2022 11:44:30 AM,11/11/2022 12:09:34 PM,11/11/2022 12:09:34 PM,7252 S DAMEN AVE,,,,7252,S,DAMEN,AVE,false,false,,,67,17,,K039,3,07,0735,37,,11,6,11,1164208.893332432,1856343.421491058,41.761431001,-87.6737295,"(41.761431000940036, -87.6737295000019)"
SR22-01969767,Animal In Trap Complaint,EBD,311 City Services,Animal Care and Control,Completed,Phone Call,11/11/2022 11:07:43 AM,11/11/2022 01:35:24 PM,11/11/2022 01:35:24 PM,7252 S DAMEN AVE,,,,7252,S,DAMEN,AVE,false,false,,,67,17,,K039,3,07,0735,37,,11,6,11,1164208.893332432,1856343.421491058,41.761431001,-87.6737295,"(41.761431000940036, -87.6737295000019)"
SR22-01969417,Animal In Trap Complaint,EBD,311 City Services,Animal Care and Control,Canceled,Phone Call,11/11/2022 09:49:02 AM,11/11/2022 09:56:43 AM,11/11/2022 09:56:43 AM,8107 S COLES AVE,,,,8107,S,COLES,AVE,false,false,,,46,7,,X041,2,04,0422,22,,9,6,11,1198298.15052006,1851759.067900428,41.748066001,-87.5489445,"(41.748066000940014, -87.54894450000192)"
SR22-01936295,Animal In Trap Complaint,EBD,311 City Services,Animal Care and Control,Canceled,Phone Call,11/05/2022 03:25:56 PM,11/05/2022 03:38:12 PM,11/05/2022 03:38:12 PM,1347 W WALTON ST,,,,1347,W,WALTON,ST,false,false,,,24,27,,M020,1,12,1213,13,,15,7,11,1167182.716916658,1906405.74101027,41.898744001,-87.661395,"(41.898744000940496, -87.6613950000019)"
SR22-01919872,Animal In Trap Complaint,EBD,311 City Services,Animal Care and Control,Completed,Phone Call,11/02/2022 03:55:46 PM,11/03/2022 11:20:38 AM,11/03/2022 11:20:38 AM,10215 S CALUMET AVE,,,60628,10215,S,CALUMET,AVE,false,false,,,49,9,,Q046,1,05,0511,5,,15,4,11,1180461.988598,1837240.916681,41.708654013,-87.614745327,"(41.70865401266322, -87.61474532680522)"
SR22-01913812,Animal In Trap Complaint,EBD,311 City Services,Animal Care and Control,Canceled,Phone Call,11/01/2022 05:03:09 PM,11/02/2022 07:36:25 AM,11/02/2022 07:36:25 AM,5700 S DR MARTIN LUTHER KING JR DR,,,60637,5700,S,DR MARTIN LUTHER KING JR,DR,false,false,,,40,20,,Q035,3,02,0232,11,,17,3,11,1179888.167628,1867276.870219,41.791089198,-87.615929573,"(41.791089197797184, -87.61592957273619)"
SR22-01913076,Animal In Trap Complaint,EBD,311 City Services,Animal Care and Control,Canceled,Phone Call,11/01/2022 03:07:04 PM,11/02/2022 07:39:49 AM,11/02/2022 07:39:49 AM,6125 N BERNARD ST,,,60659,6125,N,BERNARD,ST,false,false,,,13,50,,H007,1,17,1711,25,,15,3,11,1152345.21838,1940570.297912,41.99280006,-87.714987306,"(41.992800059990614, -87.71498730633665)"
SR22-01911233,Animal In Trap Complaint,EBD,,Animal Care and Control,Canceled,Internet,11/01/2022 11:01:21 AM,11/02/2022 09:00:29 AM,11/02/2022 09:00:29 AM,800 S WELLS ST,,,60607,800,S,WELLS,ST,false,false,,,32,25,,P024,2,01,0123,21,,11,3,11,1174640.652017,1896662.536402,41.871844518,-87.634294124,"(41.8718445184253, -87.63429412424463)"
SR22-01907278,Animal In Trap Complaint,EBD,311 City Services,Animal Care and Control,Canceled,Phone Call,10/31/2022 02:36:32 PM,11/01/2022 09:49:16 AM,11/01/2022 09:49:16 AM,4950 S MARSHFIELD AVE,,,60609,4950,S,MARSHFIELD,AVE,false,false,,,61,20,,L033,3,09,0931,20,,14,2,10,1166113.391306,1871672.288255,41.803455071,-87.666313513,"(41.80345507093885, -87.6663135126763)"
SR22-01906321,Animal In Trap Complaint,EBD,,Animal Care and Control,Canceled,Mobile Device,10/31/2022 12:36:13 PM,11/01/2022 09:47:35 AM,11/01/2022 09:47:35 AM,6125 N BERNARD ST,,,60659,6125,N,BERNARD,ST,false,false,,,13,50,,H007,1,17,1711,25,,12,2,10,1152345.21838,1940570.297912,41.99280006,-87.714987306,"(41.992800059990614, -87.71498730633665)"
SR22-01903628,Animal In Trap Complaint,EBD,311 City Services,Animal Care and Control,Completed,Phone Call,10/31/2022 05:43:17 AM,10/31/2022 09:01:52 AM,10/31/2022 09:01:52 AM,4516 S LOWE AVE,,,60609,4516,S,LOWE,AVE,false,false,,,61,11,,O032,2,09,0925,13,,5,2,10,1172649.98031,1874832.565954,41.811985491,-87.642247525,"(41.81198549095091, -87.64224752463481)"
SR22-01889912,Animal In Trap Complaint,EBD,311 City Services,Animal Care and Control,Canceled,Phone Call,10/27/2022 03:53:38 PM,10/28/2022 07:26:22 AM,10/28/2022 07:26:22 AM,4950 S MARSHFIELD AVE,,,60609,4950,S,MARSHFIELD,AVE,false,false,,,61,20,,L033,3,09,0931,20,,15,5,10,1166113.391306,1871672.288255,41.803455071,-87.666313513,"(41.80345507093885, -87.6663135126763)"
SR22-01886590,Animal In Trap Complaint,EBD,311 City Services,Animal Care and Control,Completed,Phone Call,10/27/2022 09:10:58 AM,10/27/2022 11:48:47 AM,10/27/2022 11:48:47 AM,1501 E 83RD PL,,,60619,1501,E,83RD,PL,false,false,,,45,8,,T042,1,04,0412,37,,9,5,10,1187739.661272,1849789.345771,41.742918505,-87.587696144,"(41.742918505200045, -87.58769614397158)"
SR22-01882085,Animal In Trap Complaint,EBD,,Animal Care and Control,Canceled,Internet,10/26/2022 12:25:07 PM,10/26/2022 02:10:26 PM,10/26/2022 02:10:26 PM,4815 S WOODLAWN AVE,,,60615,4815,S,WOODLAWN,AVE,false,false,,,39,4,,T033,2,02,0222,22,,12,4,10,1185064.970391,1873245.365898,41.807347106,-87.596760077,"(41.80734710576826, -87.59676007732396)"
SR22-01872839,Animal In Trap Complaint,EBD,311 City Services,Animal Care and Control,Canceled,Phone Call,10/24/2022 07:50:10 PM,10/25/2022 07:23:07 AM,10/25/2022 07:23:07 AM,4950 S MARSHFIELD AVE,,,60609,4950,S,MARSHFIELD,AVE,false,false,,,61,20,,L033,3,09,0931,20,,19,2,10,1166113.391306,1871672.288255,41.803455071,-87.666313513,"(41.80345507093885, -87.6663135126763)"
SR22-01871849,Animal In Trap Complaint,EBD,311 City Services,Animal Care and Control,Canceled,Phone Call,10/24/2022 04:40:10 PM,10/25/2022 07:22:31 AM,10/25/2022 07:22:31 AM,1131 W MORSE AVE,,,60626,1131,W,MORSE,AVE,false,false,,,1,49,,N005,3,24,2431,9,,16,2,10,1167193.493948,1946130.272736,42.007749544,-87.660209427,"(42.0077495440805, -87.66020942711071)"
SR22-01866002,Animal In Trap Complaint,EBD,,Animal Care and Control,Canceled,Internet,10/23/2022 06:56:01 PM,10/23/2022 08:52:16 PM,10/23/2022 08:52:16 PM,6501 N WHIPPLE ST,,,60645,6501,N,WHIPPLE,ST,false,false,,,2,50,,I006,1,24,2412,10,,18,1,10,1154908.508809,1943004.177429,41.999427561,-87.705492935,"(41.99942756063458, -87.70549293490437)"
SR22-01864093,Animal In Trap Complaint,EBD,311 City Services,Animal Care and Control,Completed,Phone Call,10/23/2022 11:38:41 AM,10/24/2022 10:14:45 AM,10/24/2022 10:14:45 AM,6125 N BERNARD ST,,,60659,6125,N,BERNARD,ST,false,false,,,13,50,,H007,1,17,1711,25,,11,1,10,1152345.21838,1940570.297912,41.99280006,-87.714987306,"(41.992800059990614, -87.71498730633665)"
SR22-01861200,Animal In Trap Complaint,EBD,311 City Services,Animal Care and Control,Completed,Phone Call,10/22/2022 03:32:45 PM,10/23/2022 02:58:09 PM,10/23/2022 02:58:09 PM,6032 S ELIZABETH ST,,,60636,6032,S,ELIZABETH,ST,false,false,,,67,16,,M036,1,07,0713,14,,15,7,10,1168950.023848,1864618.706073,41.784038348,-87.656113992,"(41.78403834757627, -87.65611399184267)"
SR22-01847408,Animal In Trap Complaint,EBD,311 City Services,Animal Care and Control,Canceled,Phone Call,10/20/2022 08:43:36 AM,10/20/2022 09:21:44 AM,10/20/2022 09:21:44 AM,6119 N ARTESIAN AVE,,,60659,6119,N,ARTESIAN,AVE,false,false,,,2,40,,J007,1,24,2413,4,,8,5,10,1158950.566235,1940645.179444,41.99287209,-87.690688377,"(41.99287208971071, -87.69068837673446)"
SR22-01840665,Animal In Trap Complaint,EBD,311 City Services,Animal Care and Control,Canceled,Phone Call,10/19/2022 07:24:30 AM,10/19/2022 08:05:40 AM,10/19/2022 08:05:40 AM,854 W GUNNISON ST,,,60640,854,W,GUNNISON,ST,false,false,,,3,46,,N010,2,20,2024,40,,7,4,10,1169471.867244,1932427.082515,41.970098258,-87.652227817,"(41.970098257561034, -87.6522278173132)"
SR22-01838925,Animal In Trap Complaint,EBD,311 City Services,Animal Care and Control,Canceled,Phone Call,10/18/2022 05:41:29 PM,10/19/2022 10:25:09 AM,10/19/2022 10:25:09 AM,7027 N MANKATO AVE,,,60646,7027,N,MANKATO,AVE,false,false,,,12,41,,A005,2,16,1621,39,,17,3,10,1133848.14292,1946341.787467,42.008983833,-87.782890608,"(42.0089838329001, -87.78289060759356)"
SR22-01836524,Animal In Trap Complaint,EBD,311 City Services,Animal Care and Control,Canceled,Phone Call,10/18/2022 12:51:27 PM,10/18/2022 01:22:15 PM,10/18/2022 01:22:15 PM,9741 S HAMILTON AVE,,,60643,9741,S,HAMILTON,AVE,false,false,,,72,19,,K045,1,22,2213,19,,12,3,10,1163832.458372,1839861.737602,41.716210656,-87.675570868,"(41.71621065622559, -87.67557086766065)"
SR22-01828416,Animal In Trap Complaint,EBD,,Animal Care and Control,Completed,Internet,10/17/2022 10:58:20 AM,10/17/2022 03:57:57 PM,10/17/2022 03:57:57 PM,7740 S INGLESIDE AVE,,,60619,7740,S,INGLESIDE,AVE,false,false,,,69,8,,S040,2,06,0624,43,,10,2,10,1183807.892994,1853765.891535,41.753923151,-87.601978259,"(41.75392315056971, -87.601978259052)"
SR22-01825652,Animal In Trap Complaint,EBD,311 City Services,Animal Care and Control,Completed,Phone Call,10/16/2022 06:59:18 PM,10/17/2022 03:56:14 PM,10/17/2022 03:56:14 PM,839 N KEYSTONE AVE,,,60651,839,N,KEYSTONE,AVE,false,false,,,23,37,,F020,1,11,1111,7,,18,1,10,1149307.000246,1905481.312818,41.896572692,-87.727075928,"(41.89657269228164, -87.72707592826421)"
SR22-01806613,Animal In Trap Complaint,EBD,311 City Services,Animal Care and Control,Completed,Phone Call,10/13/2022 08:13:50 AM,10/13/2022 09:14:25 AM,10/13/2022 09:14:25 AM,8543 S COLFAX AVE,,,60617,8543,S,COLFAX,AVE,false,false,,,46,7,,W042,2,04,0423,30,,8,5,10,1195056.892182,1848661.289005,41.739645911,-87.560923165,"(41.73964591105107, -87.56092316524419)"
SR22-01803718,Animal In Trap Complaint,EBD,311 City Services,Animal Care and Control,Completed,Phone Call,10/12/2022 03:21:18 PM,10/13/2022 09:09:25 AM,10/13/2022 09:09:25 AM,8543 S COLFAX AVE,,,60617,8543,S,COLFAX,AVE,false,false,,,46,7,,W042,2,04,0423,30,,15,4,10,1195056.892182,1848661.289005,41.739645911,-87.560923165,"(41.73964591105107, -87.56092316524419)"
SR22-01790224,Animal In Trap Complaint,EBD,,Animal Care and Control,Canceled,Internet,10/10/2022 11:57:04 AM,10/11/2022 01:54:34 PM,10/11/2022 01:54:34 PM,852 W GUNNISON ST,,,60640,852,W,GUNNISON,ST,false,false,,,3,46,,N010,2,20,2024,40,,11,2,10,1169445.931805,1932495.867842,41.970287572,-87.652321172,"(41.97028757223027, -87.65232117200931)"
SR22-01787695,Animal In Trap Complaint,EBD,311 City Services,Animal Care and Control,Completed,Phone Call,10/09/2022 08:58:44 PM,10/10/2022 03:41:11 PM,10/10/2022 03:41:11 PM,2531 N NEW ENGLAND AVE,,,60707,2531,N,NEW ENGLAND,AVE,false,false,,,18,36,,Y116,1,25,2512,27,,20,1,10,1130065.30827,1916201.381492,41.926341326,-87.797502559,"(41.926341326447876, -87.7975025590957)"
SR22-01786380,Animal In Trap Complaint,EBD,311 City Services,Animal Care and Control,Completed,Phone Call,10/09/2022 03:31:43 PM,10/11/2022 01:51:01 PM,10/11/2022 01:51:01 PM,5440 S LAWNDALE AVE,,,60632,5440,S,LAWNDALE,AVE,false,false,,,62,23,,G034,2,08,0822,9,,15,1,10,1152564.287515,1868117.498544,41.793977999,-87.716098685,"(41.79397799913871, -87.71609868514572)"
SR22-01785693,Animal In Trap Complaint,EBD,,Animal Care and Control,Completed,Internet,10/09/2022 01:06:34 PM,10/10/2022 03:40:33 PM,10/10/2022 03:40:33 PM,5100 N KILBOURN AVE,,,60630,5100,N,KILBOURN,AVE,false,false,,,14,39,,E010,1,17,1712,11,,13,1,10,1145333.751574,1933558.227098,41.973694475,-87.740956586,"(41.973694475258995, -87.74095658597821)"
SR22-01784991,Animal In Trap Complaint,EBD,311 City Services,Animal Care and Control,Completed,Phone Call,10/09/2022 10:20:06 AM,10/10/2022 09:33:40 AM,10/10/2022 09:33:40 AM,6224 N BROADWAY,,,60660,6224,N,BROADWAY,,false,false,,,77,48,,M007,3,24,2433,45,,10,1,10,1167158.384994,1941595.423562,41.995306592,-87.660469718,"(41.99530659187494, -87.66046971822118)"
SR22-01781933,Animal In Trap Complaint,EBD,311 City Services,Animal Care and Control,Completed,Phone Call,10/08/2022 02:09:12 PM,10/10/2022 09:47:52 AM,10/10/2022 09:47:52 AM,4516 S LOWE AVE,,,60609,4516,S,LOWE,AVE,false,false,,,61,11,,O032,2,09,0925,13,,14,7,10,1172649.98031,1874832.565954,41.811985491,-87.642247525,"(41.81198549095091, -87.64224752463481)"
SR22-01774141,Animal In Trap Complaint,EBD,311 City Services,Animal Care and Control,Canceled,Phone Call,10/07/2022 07:58:30 AM,10/07/2022 08:51:30 AM,10/07/2022 08:51:30 AM,10834 S FAIRFIELD AVE,,,60655,10834,S,FAIRFIELD,AVE,false,false,,,75,19,,J048,1,22,2212,46,,7,6,10,1159891.788286,1832519.117697,41.69614292,-87.690204572,"(41.6961429202349, -87.69020457230606)"
SR22-01748523,Animal In Trap Complaint,EBD,,Animal Care and Control,Completed,Internet,10/03/2022 11:27:22 AM,10/04/2022 09:04:55 AM,10/04/2022 09:04:55 AM,1130 W STEVENSON EXPY IB,,,60608,1130,W,STEVENSON EXPY IB,,false,false,,,60,11,,N028,1,09,0913,1,,11,2,10,1169142.55732,1886412.122496,41.843837615,-87.654777157,"(41.84383761502081, -87.65477715677531)"
SR22-01746417,Animal In Trap Complaint,EBD,311 City Services,Animal Care and Control,Completed,Phone Call,10/03/2022 05:19:38 AM,10/04/2022 09:04:10 AM,10/04/2022 09:04:10 AM,1702 E 103RD ST,,,60617,1702,E,103RD,ST,false,false,,,51,10,,U046,3,04,0431,13,,5,2,10,1189449.338374,1837642.153663,41.709544531,-87.581820489,"(41.709544531415894, -87.58182048884693)"
SR22-01744747,Animal In Trap Complaint,EBD,311 City Services,Animal Care and Control,Canceled,Phone Call,10/02/2022 04:12:47 PM,10/04/2022 09:08:01 AM,10/04/2022 09:08:01 AM,7534 S CREGIER AVE,,,60649,7534,S,CREGIER,AVE,false,false,,,43,8,,U040,1,04,0414,20,,16,1,10,1189430.11336,1855211.548213,41.757757164,-87.581328725,"(41.75775716441582, -87.58132872540081)"
SR22-01743397,Animal In Trap Complaint,EBD,,Animal Care and Control,Completed,Internet,10/02/2022 11:05:30 AM,10/03/2022 03:11:11 PM,10/03/2022 03:11:11 PM,10644 S LOWE AVE,,,60628,10644,S,LOWE,AVE,false,false,,,49,34,,O047,3,22,2233,22,,11,1,10,1173791.79504,1834107.392589,41.700205307,-87.639264535,"(41.700205306566815, -87.63926453523986)"
SR22-01741177,Animal In Trap Complaint,EBD,Animal Care and Control,Animal Care and Control,Completed,Phone Call,10/01/2022 06:06:59 PM,10/04/2022 09:03:54 AM,10/04/2022 09:03:54 AM,1702 E 103RD ST,,,60617,1702,E,103RD,ST,false,false,,,51,10,,U046,3,04,0431,13,,18,7,10,1189449.338374,1837642.153663,41.709544531,-87.581820489,"(41.709544531415894, -87.58182048884693)"
SR22-01736058,Animal In Trap Complaint,EBD,311 City Services,Animal Care and Control,Canceled,Phone Call,09/30/2022 04:09:33 PM,10/01/2022 12:59:42 PM,10/01/2022 12:59:42 PM,3752 S WABASH AVE,,,60653,3752,S,WABASH,AVE,false,false,,,35,3,,Q030,1,02,0213,23,,16,6,9,1177338.706286,1879948.139703,41.825918307,-87.624894815,"(41.825918307015534, -87.62489481533203)"
SR22-01721426,Animal In Trap Complaint,EBD,,Animal Care and Control,Canceled,Internet,09/28/2022 01:48:55 PM,09/29/2022 09:05:03 AM,09/29/2022 09:05:04 AM,6928 S OGLESBY AVE,,,60649,6928,S,OGLESBY,AVE,false,false,,,43,5,,V038,3,03,0331,29,,13,4,9,1192772.493515,1859352.086511,41.769038295,-87.568944685,"(41.769038294844485, -87.56894468452136)"
SR22-01720738,Animal In Trap Complaint,EBD,311 City Services,Animal Care and Control,Canceled,Phone Call,09/28/2022 12:39:28 PM,09/28/2022 12:46:45 PM,09/28/2022 12:46:45 PM,701 W JACKSON BLVD,,,60661,701,W,JACKSON,BLVD,false,false,,,28,42,,O023,2,01,0121,3,,12,4,9,1171944.224622,1898872.019223,41.877967325,-87.644128592,"(41.877967324766026, -87.64412859179347)"
SR22-01701458,Animal In Trap Complaint,EBD,311 City Services,Animal Care and Control,Canceled,Phone Call,09/25/2022 12:56:36 PM,09/25/2022 03:32:10 PM,09/25/2022 03:32:10 PM,9118 S DAUPHIN AVE,,,60619,9118,S,DAUPHIN,AVE,false,false,,,44,8,,S044,3,06,0633,15,,12,1,9,1183450.344219,1844619.099076,41.728831682,-87.603572791,"(41.728831682047286, -87.60357279068751)"
SR22-01694347,Animal In Trap Complaint,EBD,311 City Services,Animal Care and Control,Canceled,Phone Call,09/23/2022 04:21:23 PM,09/25/2022 03:26:19 PM,09/25/2022 03:26:19 PM,2119 E 95TH PL,,,60617,2119,E,95TH,PL,false,false,,,51,7,,V045,3,04,0431,39,,16,6,9,1191749.840486,1841965.209135,41.721352038,-87.573256117,"(41.721352038034595, -87.57325611706413)"
SR22-01688570,Animal In Trap Complaint,EBD,311 City Services,Animal Care and Control,Canceled,Phone Call,09/22/2022 06:55:06 PM,09/23/2022 08:08:11 AM,09/23/2022 08:08:11 AM,3709 N ASHLAND AVE,,,60613,3709,N,ASHLAND,AVE,false,false,,,6,44,,M013,2,19,1922,16,,18,5,9,1165001.600245,1924753.982546,41.949139283,-87.668883906,"(41.9491392832031, -87.66888390577788)"
SR22-01670149,Animal In Trap Complaint,EBD,311 City Services,Animal Care and Control,Canceled,Phone Call,09/20/2022 09:48:00 AM,09/20/2022 10:26:40 AM,09/20/2022 10:26:40 AM,8452 S SAINT LAWRENCE AVE,,,60619,8452,S,SAINT LAWRENCE,AVE,false,false,,,44,6,,R042,3,06,0632,38,,9,3,9,1181621.520902,1848853.265533,41.740493082,-87.610141801,"(41.74049308226745, -87.61014180060228)"
SR22-01665836,Animal In Trap Complaint,EBD,311 City Services,Animal Care and Control,Canceled,Phone Call,09/19/2022 02:56:16 PM,09/20/2022 10:06:56 AM,09/20/2022 10:06:56 AM,9111 S WALLACE ST,,,60620,9111,S,WALLACE,ST,false,false,,,73,21,,O044,2,22,2223,40,,14,2,9,1173976.125959,1844390.747832,41.728420231,-87.638285633,"(41.7284202309104, -87.63828563284254)"
SR22-01662432,Animal In Trap Complaint,EBD,,Animal Care and Control,Completed,Internet,09/19/2022 08:43:34 AM,09/19/2022 02:53:03 PM,09/19/2022 02:53:03 PM,5304 N ORIOLE AVE,,,60656,5304,N,ORIOLE,AVE,false,false,,,10,41,,W109,1,16,1613,33,,8,2,9,1124600.331377,1934393.413872,41.976354415,-87.817181666,"(41.97635441456695, -87.81718166568574)"
SR22-01660184,Animal In Trap Complaint,EBD,311 City Services,Animal Care and Control,Canceled,Phone Call,09/18/2022 04:03:36 PM,09/18/2022 05:01:58 PM,09/18/2022 05:01:59 PM,8057 S CONSTANCE AVE,,,60617,8057,S,CONSTANCE,AVE,false,false,,,46,8,,U041,1,04,0414,11,,16,1,9,1189902.76442,1851696.810613,41.74810106,-87.579709375,"(41.748101059629576, -87.57970937481755)"
SR22-01660004,Animal In Trap Complaint,EBD,311 City Services,Animal Care and Control,Canceled,Phone Call,09/18/2022 03:25:50 PM,09/18/2022 03:36:04 PM,09/18/2022 03:36:04 PM,3731 N SACRAMENTO AVE,,,60618,3731,N,SACRAMENTO,AVE,false,false,,,16,33,,I013,3,17,1733,22,,15,1,9,1155791.649705,1924797.648852,41.949450041,-87.702737107,"(41.94945004070572, -87.70273710650744)"
SR22-01659196,Animal In Trap Complaint,EBD,311 City Services,Animal Care and Control,Canceled,Phone Call,09/18/2022 12:13:16 PM,09/18/2022 04:22:58 PM,09/18/2022 04:22:58 PM,8057 S CONSTANCE AVE,,,60617,8057,S,CONSTANCE,AVE,false,false,,,46,8,,U041,1,04,0414,11,,12,1,9,1189902.76442,1851696.810613,41.74810106,-87.579709375,"(41.748101059629576, -87.57970937481755)"
SR22-01638789,Animal In Trap Complaint,EBD,311 City Services,Animal Care and Control,Canceled,Phone Call,09/14/2022 08:02:56 PM,09/15/2022 12:55:53 PM,09/15/2022 12:55:53 PM,7618 S CLYDE AVE,,,60649,7618,S,CLYDE,AVE,false,false,,,43,8,,V040,1,04,0414,28,,20,4,9,1191453.141667,1854764.788628,41.756482452,-87.573929153,"(41.75648245230433, -87.57392915347754)"
SR22-01628416,Animal In Trap Complaint,EBD,311 City Services,Animal Care and Control,Canceled,Phone Call,09/13/2022 01:04:12 PM,09/13/2022 01:18:57 PM,09/13/2022 01:18:57 PM,4021 N MELVINA AVE,,,60634,4021,N,MELVINA,AVE,false,false,,,15,38,,A012,2,16,1624,21,,13,3,9,1134385.871994,1926179.256567,41.953646528,-87.781390143,"(41.95364652774261, -87.78139014294378)"
SR22-01623191,Animal In Trap Complaint,EBD,,Animal Care and Control,Canceled,Internet,09/12/2022 05:36:24 PM,09/13/2022 10:55:52 AM,09/13/2022 10:55:52 AM,1248 W 109TH ST,,,60643,1248,W,109TH,ST,false,false,,,75,34,,M048,3,22,2234,47,,17,2,9,1169736.392647,1832574.789703,41.696088324,-87.654158071,"(41.696088323655566, -87.65415807093424)"
SR22-01620839,Animal In Trap Complaint,EBD,311 City Services,Animal Care and Control,Canceled,Phone Call,09/12/2022 01:18:15 PM,09/12/2022 01:39:27 PM,09/12/2022 01:39:27 PM,2537 N CAMPBELL AVE,,,60647,2537,N,CAMPBELL,AVE,false,false,,,22,32,,J016,3,14,1431,3,,13,2,9,1159312.019553,1916957.438027,41.92786419,-87.690012971,"(41.927864190115486, -87.69001297117394)"
SR22-01620139,Animal In Trap Complaint,EBD,,Animal Care and Control,Canceled,Internet,09/12/2022 12:09:38 PM,09/13/2022 10:52:47 AM,09/13/2022 10:52:47 AM,4552 N LAPORTE AVE,,,60630,4552,N,LAPORTE,AVE,false,false,,,15,45,,D011,2,16,1623,15,,12,2,9,1142464.557654,1930030.043002,41.964066806,-87.751595561,"(41.96406680634262, -87.75159556112675)"
SR22-01582957,Animal In Trap Complaint,EBD,311 City Services,Animal Care and Control,Canceled,Phone Call,09/06/2022 03:49:48 PM,09/06/2022 03:57:16 PM,09/06/2022 03:57:16 PM,7354 S TALMAN AVE,,,60629,7354,S,TALMAN,AVE,false,false,,,66,18,,J039,3,08,0835,47,,15,3,9,1159921.558492,1855562.91924,41.759378324,-87.689464465,"(41.759378323857, -87.68946446510549)"
SR22-01582409,Animal In Trap Complaint,EBD,311 City Services,Animal Care and Control,Canceled,Phone Call,09/06/2022 02:53:29 PM,09/07/2022 08:18:49 AM,09/07/2022 08:18:49 AM,4852 W HURON ST,,,60644,4852,W,HURON,ST,false,false,,,25,37,,D021,3,15,1531,27,,14,3,9,1143673.393205,1904278.081982,41.893378262,-87.747797572,"(41.89337826244817, -87.74779757217257)"
SR22-01574672,Animal In Trap Complaint,EBD,311 City Services,Animal Care and Control,Canceled,Phone Call,09/05/2022 12:27:29 PM,09/06/2022 09:43:59 AM,09/06/2022 09:43:59 AM,2735 W 22ND PL,,,60608,2735,W,22ND,PL,false,false,,,30,12,,J027,3,10,1034,10,,12,2,9,1158337.780106,1888871.269171,41.850813199,-87.694361466,"(41.85081319852233, -87.69436146597342)"
SR22-01561840,Animal In Trap Complaint,EBD,,Animal Care and Control,Completed,Internet,09/02/2022 03:39:34 PM,09/03/2022 07:19:06 AM,09/03/2022 07:19:06 AM,111 W 70TH ST,,,60621,111,W,70TH,ST,false,false,,,69,6,,P038,3,07,0731,4,,15,6,9,1176760.514371,1858521.120912,41.767133539,-87.627661368,"(41.76713353944313, -87.62766136829225)"
SR22-01558675,Animal In Trap Complaint,EBD,,Animal Care and Control,Canceled,Mobile Device,09/02/2022 09:42:50 AM,09/02/2022 10:01:09 AM,09/02/2022 10:01:09 AM,5110 W QUINCY ST,,,60644,5110,W,QUINCY,ST,false,false,,,25,28,,D023,3,15,1533,31,,9,6,9,1142031.325445,1898590.275959,41.877800815,-87.75396941,"(41.877800814905505, -87.75396940983153)"
SR22-01547267,Animal In Trap Complaint,EBD,311 City Services,Animal Care and Control,Completed,Phone Call,08/31/2022 02:19:20 PM,09/01/2022 08:45:22 AM,09/01/2022 08:45:22 AM,1860 S KARLOV AVE,,,60623,1860,S,KARLOV,AVE,false,false,,,29,24,,F026,1,10,1012,37,,14,4,8,1149280.893668,1890526.287832,41.855534898,-87.727559482,"(41.85553489824587, -87.72755948196557)"
SR22-01535794,Animal In Trap Complaint,EBD,,Animal Care and Control,Canceled,Internet,08/30/2022 05:26:20 AM,08/30/2022 08:55:20 AM,08/30/2022 08:55:20 AM,5417 S SPRINGFIELD AVE,,,60632,5417,S,SPRINGFIELD,AVE,false,false,,,62,23,,G034,2,08,0822,39,,5,3,8,1151367.394463,1868308.788463,41.794526425,-87.720482677,"(41.794526425381, -87.72048267670587)"
SR22-01524479,Animal In Trap Complaint,EBD,311 City Services,Animal Care and Control,Completed,Phone Call,08/28/2022 11:20:12 AM,08/29/2022 06:38:39 PM,08/29/2022 06:38:39 PM,7608 S OGLESBY AVE,,,60649,7608,S,OGLESBY,AVE,false,false,,,43,7,,V040,1,04,0414,10,,11,1,8,1193114.991988,1854901.328903,41.756816714,-87.567834456,"(41.75681671362621, -87.56783445625545)"
SR22-01520273,Animal In Trap Complaint,EBD,311 City Services,Animal Care and Control,Completed,Phone Call,08/27/2022 01:00:34 PM,08/27/2022 04:41:29 PM,08/27/2022 04:41:29 PM,530 N WOOD ST,,,60622,530,N,WOOD,ST,false,false,,,24,1,,L021,2,12,1221,33,,13,7,8,1164229.892339,1903886.787904,41.891894752,-87.672311826,"(41.89189475247117, -87.67231182648547)"
SR22-01503462,Animal In Trap Complaint,EBD,311 City Services,Animal Care and Control,Canceled,Phone Call,08/24/2022 02:33:50 PM,08/25/2022 09:39:49 AM,08/25/2022 09:39:49 AM,4852 W HURON ST,,,60644,4852,W,HURON,ST,false,false,,,25,37,,D021,3,15,1531,27,,14,4,8,1143673.393205,1904278.081982,41.893378262,-87.747797572,"(41.89337826244817, -87.74779757217257)"
SR22-01488468,Animal In Trap Complaint,EBD,311 City Services,Animal Care and Control,Completed,Phone Call,08/22/2022 12:18:53 PM,08/23/2022 07:16:29 AM,08/23/2022 07:16:29 AM,1236 S CHRISTIANA AVE,,,60623,1236,S,CHRISTIANA,AVE,false,false,,,29,24,,H025,2,10,1021,35,,12,2,8,1154159.961938,1894076.014888,41.865179896,-87.709556207,"(41.86517989639329, -87.70955620664618)"
SR22-01457541,Animal In Trap Complaint,EBD,311 City Services,Animal Care and Control,Completed,Phone Call,08/17/2022 09:49:29 AM,08/17/2022 12:35:41 PM,08/17/2022 12:35:41 PM,8333 S CALUMET AVE,,,60619,8333,S,CALUMET,AVE,false,false,,,44,6,,Q042,3,06,0632,38,,9,4,8,1180025.591798,1849678.504239,41.742794288,-87.615963865,"(41.74279428837919, -87.61596386454312)"
SR22-01455924,Animal In Trap Complaint,EBD,,Animal Care and Control,Completed,Internet,08/16/2022 10:33:59 PM,08/17/2022 10:56:38 AM,08/17/2022 10:56:38 AM,5100 W ROSCOE ST,,,60641,5100,W,ROSCOE,ST,false,false,,,15,31,,D014,3,16,1634,33,,22,3,8,1141733.186566,1922134.783608,41.942415092,-87.754480696,"(41.94241509167435, -87.75448069605957)"
SR22-01449524,Animal In Trap Complaint,EBD,311 City Services,Animal Care and Control,Completed,Phone Call,08/16/2022 08:53:56 AM,08/16/2022 12:18:40 PM,08/16/2022 12:18:40 PM,7117 N IONIA AVE,,,60646,7117,N,IONIA,AVE,false,false,,,12,41,,B005,2,16,1621,47,,8,3,8,1135769.604922,1946949.443828,42.010617168,-87.775806319,"(42.0106171678249, -87.77580631915906)"
SR22-01444695,Animal In Trap Complaint,EBD,,Animal Care and Control,Canceled,Internet,08/15/2022 12:39:07 PM,08/15/2022 03:46:33 PM,08/15/2022 03:46:33 PM,5140 S PARKSIDE AVE,,,60638,5140,S,PARKSIDE,AVE,false,false,,,56,14,,B034,1,08,0811,9,,12,2,8,1139485.516838,1869796.465872,41.798833046,-87.764017878,"(41.79883304649477, -87.76401787824369)"
SR22-01441352,Animal In Trap Complaint,EBD,,Animal Care and Control,Canceled,Internet,08/14/2022 09:34:23 PM,08/14/2022 11:03:05 PM,08/14/2022 11:03:05 PM,7801 W BALMORAL AVE,,,60656,7801,W,BALMORAL,AVE,false,false,,,10,41,,W109,1,16,1613,33,,21,1,8,1123281.0432,1934834.133374,41.977585508,-87.822023668,"(41.97758550816468, -87.82202366777537)"
SR22-01440984,Animal In Trap Complaint,EBD,311 City Services,Animal Care and Control,Canceled,Phone Call,08/14/2022 07:20:37 PM,08/14/2022 07:36:57 PM,08/14/2022 07:36:57 PM,7801 W BALMORAL AVE,,,60656,7801,W,BALMORAL,AVE,false,false,,,10,41,,W109,1,16,1613,33,,19,1,8,1123281.0432,1934834.133374,41.977585508,-87.822023668,"(41.97758550816468, -87.82202366777537)"
SR22-01407528,Animal In Trap Complaint,EBD,311 City Services,Animal Care and Control,Completed,Phone Call,08/09/2022 11:30:43 AM,08/09/2022 12:13:04 PM,08/09/2022 12:13:04 PM,7338 S MORGAN ST,,,60621,7338,S,MORGAN,ST,false,false,,,68,17,,N039,3,07,0733,28,,11,3,8,1170849.641746,1855999.288506,41.760344346,-87.649400596,"(41.760344346081354, -87.64940059648002)"
SR22-01406342,Animal In Trap Complaint,EBD,311 City Services,Animal Care and Control,Completed,Phone Call,08/09/2022 09:21:51 AM,08/09/2022 09:31:03 AM,08/09/2022 09:31:03 AM,7309 S EAST END AVE,,,60649,7309,S,EAST END,AVE,false,false,,,43,8,,U039,2,03,0324,42,,9,3,8,1188929.486912,1856803.581378,41.762137838,-87.583112548,"(41.76213783790567, -87.58311254807714)"
SR22-01399110,Animal In Trap Complaint,EBD,311 City Services,Animal Care and Control,Completed,Phone Call,08/08/2022 10:35:54 AM,08/09/2022 09:28:34 AM,08/09/2022 09:28:34 AM,10450 S MARYLAND AVE,,,60628,10450,S,MARYLAND,AVE,false,false,,,50,9,,S047,1,05,0512,8,,10,2,8,1183674.100871,1835634.308161,41.704171118,-87.603032306,"(41.704171117672516, -87.60303230577142)"
SR22-01389550,Animal In Trap Complaint,EBD,311 City Services,Animal Care and Control,Completed,Phone Call,08/06/2022 07:32:45 AM,08/09/2022 07:19:27 AM,08/09/2022 07:19:27 AM,6112 S SAINT LAWRENCE AVE,,,60637,6112,S,SAINT LAWRENCE,AVE,false,false,,,42,20,,R036,1,03,0313,3,,7,7,8,1181200.29142,1864528.989342,41.783518612,-87.611202978,"(41.7835186123845, -87.61120297826922)"
SR22-01383235,Animal In Trap Complaint,EBD,311 City Services,Animal Care and Control,Completed,Phone Call,08/05/2022 08:59:25 AM,08/06/2022 10:13:35 AM,08/06/2022 10:13:35 AM,3144 S MILLARD AVE,,,60623,3144,S,MILLARD,AVE,false,false,,,30,22,,G029,3,10,1032,7,,8,6,8,1152423.894323,1883321.872234,41.835703667,-87.71621311,"(41.83570366660073, -87.71621311021602)"
SR22-01381492,Animal In Trap Complaint,EBD,311 City Services,Animal Care and Control,Completed,Phone Call,08/04/2022 08:23:05 PM,08/09/2022 07:20:43 AM,08/09/2022 07:20:43 AM,2318 W 107TH ST,,,60643,2318,W,107TH,ST,false,false,,,72,19,,K047,1,22,2212,31,,20,5,8,1162737.441373,1833697.666796,41.699318285,-87.679752755,"(41.69931828488627, -87.67975275522316)"
SR22-01376130,Animal In Trap Complaint,EBD,Animal Care and Control,Animal Care and Control,Completed,Phone Call,08/04/2022 09:35:04 AM,08/06/2022 05:15:29 PM,08/06/2022 05:15:29 PM,3440 W 60TH ST,,,60629,3440,W,60TH,ST,false,false,,,66,23,,H036,2,08,0822,34,,9,5,8,1154310.039912,1864696.88986,41.784556772,-87.709788013,"(41.784556772029205, -87.70978801313535)"
SR22-01347786,Animal In Trap Complaint,EBD,311 City Services,Animal Care and Control,Canceled,Phone Call,07/31/2022 08:38:56 AM,07/31/2022 04:36:36 PM,07/31/2022 04:36:36 PM,3126 S CALUMET AVE,,,60616,3126,S,CALUMET,AVE,false,false,,,35,4,,Q029,1,02,0211,38,,8,1,7,1179023.915579,1884194.486868,41.837532306,-87.618582606,"(41.83753230588673, -87.61858260568344)"
SR22-01340416,Animal In Trap Complaint,EBD,311 City Services,Animal Care and Control,Canceled,Phone Call,07/29/2022 08:24:30 PM,07/30/2022 09:34:39 AM,07/30/2022 09:34:39 AM,8224 S KINGSTON AVE,,,60617,8224,S,KINGSTON,AVE,false,false,,,46,7,,W041,2,04,0423,23,,20,6,7,1194527.350776,1850799.182123,41.745525494,-87.562793148,"(41.74552549446354, -87.56279314804308)"
SR22-01322137,Animal In Trap Complaint,EBD,,Animal Care and Control,Completed,Internet,07/27/2022 03:37:31 PM,07/28/2022 07:32:44 AM,07/28/2022 07:32:44 AM,317 E 90TH PL,,,60619,317,E,90TH,PL,false,false,,,44,9,,Q043,3,06,0633,23,,15,4,7,1179844.141534,1844964.288914,41.729862064,-87.616772511,"(41.72986206416138, -87.61677251095662)"
SR22-01320654,Animal In Trap Complaint,EBD,311 City Services,Animal Care and Control,Completed,Phone Call,07/27/2022 01:19:50 PM,07/27/2022 01:36:45 PM,07/27/2022 01:36:45 PM,10519 S VERNON AVE,,,60628,10519,S,VERNON,AVE,false,false,,,49,9,,R047,1,05,0512,22,,13,4,7,1181184.06924,1835210.913886,41.703066851,-87.612163283,"(41.70306685119446, -87.6121632833088)"
SR22-01318567,Animal In Trap Complaint,EBD,311 City Services,Animal Care and Control,Completed,Phone Call,07/27/2022 09:38:52 AM,07/27/2022 12:14:30 PM,07/27/2022 12:14:30 PM,4335 W HENDERSON ST,,,60641,4335,W,HENDERSON,ST,false,false,,,16,30,,F014,3,17,1731,7,,9,4,7,1146742.026854,1921844.816142,41.941525104,-87.736078153,"(41.941525104025686, -87.73607815348707)"
SR22-01316547,Animal In Trap Complaint,EBD,,Animal Care and Control,Completed,Internet,07/26/2022 10:28:53 PM,07/27/2022 08:56:41 AM,07/27/2022 08:56:41 AM,2233 N LEAVITT ST,,,60647,2233,N,LEAVITT,ST,false,false,,,22,32,,K017,3,14,1432,37,,22,3,7,1161405.847604,1914960.051675,41.922339862,-87.682374667,"(41.922339861529174, -87.68237466693088)"
SR22-01311703,Animal In Trap Complaint,EBD,,Animal Care and Control,Canceled,Internet,07/26/2022 12:08:36 PM,08/05/2022 03:17:04 PM,07/26/2022 04:09:26 PM,317 E 90TH PL,,,60619,317,E,90TH,PL,false,false,,,44,9,,Q043,3,06,0633,23,,12,3,7,1179844.141534,1844964.288914,41.729862064,-87.616772511,"(41.72986206416138, -87.61677251095662)"
SR22-01282275,Animal In Trap Complaint,EBD,311 City Services,Animal Care and Control,Completed,Phone Call,07/22/2022 06:12:43 AM,07/22/2022 10:30:52 AM,07/22/2022 10:30:52 AM,2943 N NEWCASTLE AVE,,,60634,2943,N,NEWCASTLE,AVE,false,false,,,18,36,,Y115,1,25,2511,19,,6,6,7,1130318.110663,1918985.566848,41.933977131,-87.796509555,"(41.93397713088089, -87.79650955455085)"
SR22-01279219,Animal In Trap Complaint,EBD,311 City Services,Animal Care and Control,Completed,Phone Call,07/21/2022 03:18:54 PM,07/22/2022 09:22:46 AM,07/22/2022 09:22:46 AM,2820 W JARLATH ST,,,60645,2820,W,JARLATH,ST,false,false,,,2,50,,I004,1,24,2411,1,,15,5,7,1156180.538075,1948028.102701,42.013187714,-87.700676886,"(42.01318771404328, -87.70067688629894)"
SR22-01277462,Animal In Trap Complaint,EBD,311 City Services,Animal Care and Control,Completed,Phone Call,07/21/2022 12:33:10 PM,07/22/2022 09:14:09 AM,07/22/2022 09:14:09 AM,2820 W JARLATH ST,,,60645,2820,W,JARLATH,ST,false,false,,,2,50,,I004,1,24,2411,1,,12,5,7,1156180.538075,1948028.102701,42.013187714,-87.700676886,"(42.01318771404328, -87.70067688629894)"
SR22-01274580,Animal In Trap Complaint,EBD,311 City Services,Animal Care and Control,Completed,Phone Call,07/21/2022 07:36:03 AM,07/21/2022 08:09:42 AM,07/21/2022 08:09:42 AM,2820 W JARLATH ST,,,60645,2820,W,JARLATH,ST,false,false,,,2,50,,I004,1,24,2411,1,,7,5,7,1156180.538075,1948028.102701,42.013187714,-87.700676886,"(42.01318771404328, -87.70067688629894)"
SR22-01271842,Animal In Trap Complaint,EBD,311 City Services,Animal Care and Control,Completed,Phone Call,07/20/2022 04:29:52 PM,07/21/2022 09:07:35 AM,07/21/2022 09:07:35 AM,11415 S LOWE AVE,,,60628,11415,S,LOWE,AVE,false,false,,,49,34,,O049,3,22,2233,23,,16,4,7,1174108.90796,1829093.647694,41.686439803,-87.638251539,"(41.686439802531865, -87.6382515390317)"
SR22-01259094,Animal In Trap Complaint,EBD,311 City Services,Animal Care and Control,Completed,Phone Call,07/19/2022 08:25:17 AM,07/20/2022 07:43:31 AM,07/20/2022 07:43:31 AM,11415 S LOWE AVE,,,60628,11415,S,LOWE,AVE,false,false,,,49,34,,O049,3,22,2233,23,,8,3,7,1174108.90796,1829093.647694,41.686439803,-87.638251539,"(41.686439802531865, -87.6382515390317)"
SR22-01244287,Animal In Trap Complaint,EBD,311 City Services,Animal Care and Control,Completed,Phone Call,07/16/2022 06:55:52 PM,07/16/2022 08:20:38 PM,07/16/2022 08:20:38 PM,5032 W MONROE ST,,,60644,5032,W,MONROE,ST,false,false,,,25,28,,D023,3,15,1533,12,,18,7,7,1142886.115813,1899270.659384,41.879651995,-87.750813837,"(41.879651995219746, -87.75081383682128)"
SR22-01241391,Animal In Trap Complaint,EBD,,Animal Care and Control,Completed,Internet,07/16/2022 07:27:19 AM,07/16/2022 07:47:59 AM,07/16/2022 07:47:59 AM,2801 S DR MARTIN LUTHER KING JR DR,,,60616,2801,S,DR MARTIN LUTHER KING JR,DR,false,false,,,35,4,,R028,3,01,0133,28,,7,7,7,1179382.239731,1886281.292209,41.843250457,-87.617203926,"(41.843250457380144, -87.61720392636762)"
SR22-01238540,Animal In Trap Complaint,EBD,311 City Services,Animal Care and Control,Canceled,Phone Call,07/15/2022 02:42:36 PM,07/15/2022 05:47:51 PM,07/15/2022 05:47:51 PM,712 E 95TH ST,,,60619,712,E,95TH,ST,false,false,,,49,9,,R044,3,06,0633,36,,14,6,7,1182725.259023,1842242.400725,41.722326577,-87.606302452,"(41.72232657734286, -87.60630245152308)"
SR22-01236893,Animal In Trap Complaint,EBD,311 City Services,Animal Care and Control,Completed,Phone Call,07/15/2022 11:09:42 AM,07/15/2022 01:53:21 PM,07/15/2022 01:53:21 PM,3738 N KENMORE AVE,,,60613,3738,N,KENMORE,AVE,false,false,,,6,44,,N013,2,19,1923,31,,11,6,7,1168530.806006,1925170.956907,41.950207668,-87.655899054,"(41.95020766757715, -87.65589905393605)"
SR22-01232931,Animal In Trap Complaint,EBD,311 City Services,Animal Care and Control,Canceled,Phone Call,07/14/2022 05:17:51 PM,07/14/2022 05:37:08 PM,07/14/2022 05:37:08 PM,9344 S CRANDON AVE,,,60617,9344,S,CRANDON,AVE,false,false,,,48,7,,V044,1,04,0413,37,,17,5,7,1193076.934307,1843246.460282,41.724835659,-87.568353614,"(41.72483565945227, -87.56835361410113)"
SR22-01219655,Animal In Trap Complaint,EBD,311 City Services,Animal Care and Control,Completed,Phone Call,07/13/2022 09:05:06 AM,07/13/2022 01:19:25 PM,07/13/2022 01:19:25 PM,11415 S LOWE AVE,,,60628,11415,S,LOWE,AVE,false,false,,,49,34,,O049,3,22,2233,23,,9,4,7,1174108.90796,1829093.647694,41.686439803,-87.638251539,"(41.686439802531865, -87.6382515390317)"
SR22-01218477,Animal In Trap Complaint,EBD,,Animal Care and Control,Completed,Internet,07/13/2022 06:35:03 AM,07/13/2022 08:00:52 AM,07/13/2022 08:00:52 AM,1707 S WENTWORTH AVE,,,60616,1707,S,WENTWORTH,AVE,false,false,,,33,25,,P026,1,09,0914,27,,6,4,7,1175332.750876,1891874.186314,41.858689469,-87.631896813,"(41.858689468862295, -87.63189681257326)"
SR22-01215767,Animal In Trap Complaint,EBD,311 City Services,Animal Care and Control,Canceled,Phone Call,07/12/2022 03:34:52 PM,07/12/2022 09:45:50 PM,07/12/2022 09:45:50 PM,4635 N MONTICELLO AVE,,,60625,4635,N,MONTICELLO,AVE,false,false,,,14,35,,G011,2,17,1723,22,,15,3,7,1151296.142143,1930707.530285,41.965756749,-87.719106348,"(41.96575674873515, -87.71910634805873)"
SR22-01208845,Animal In Trap Complaint,EBD,311 City Services,Animal Care and Control,Completed,Phone Call,07/11/2022 06:58:45 PM,07/12/2022 01:35:10 PM,07/12/2022 01:35:10 PM,3744 N WILTON AVE,,,60613,3744,N,WILTON,AVE,false,false,,,6,44,,N013,2,19,1923,31,,18,2,7,1169195.652136,1925238.137764,41.950377568,-87.6534532,"(41.95037756839297, -87.65345319990767)"
SR22-01204660,Animal In Trap Complaint,EBD,,Animal Care and Control,Completed,spot-open311-SeeClickFix,07/11/2022 11:21:03 AM,07/12/2022 08:08:02 AM,07/12/2022 08:08:02 AM,6727 N HERMITAGE AVE,Chicago,IL,60626,6727,N,HERMITAGE,AVE,false,false,,,1,49,,L006,3,24,2432,28,,11,2,7,1163537.266993,1944849.307246,42.00431264,-87.673697742,"(42.00431264016127, -87.67369774182548)"
SR22-01204344,Animal In Trap Complaint,EBD,311 City Services,Animal Care and Control,Completed,Phone Call,07/11/2022 10:57:36 AM,07/12/2022 08:08:16 AM,07/12/2022 08:08:16 AM,6727 N HERMITAGE AVE,,,60626,6727,N,HERMITAGE,AVE,false,false,,,1,49,,L006,3,24,2432,28,,10,2,7,1163537.266993,1944849.307246,42.00431264,-87.673697742,"(42.00431264016127, -87.67369774182548)"
SR22-01184482,Animal In Trap Complaint,EBD,311 City Services,Animal Care and Control,Completed,Phone Call,07/08/2022 07:40:12 AM,07/08/2022 09:47:49 AM,07/08/2022 09:47:49 AM,4837 N KILDARE AVE,,,60630,4837,N,KILDARE,AVE,false,false,,,14,39,,F010,1,17,1712,7,,7,6,7,1146918.440274,1931956.600355,41.969269278,-87.735170348,"(41.96926927823682, -87.73517034782213)"
SR22-01152446,Animal In Trap Complaint,EBD,311 City Services,Animal Care and Control,Completed,Phone Call,07/03/2022 11:11:41 PM,07/04/2022 03:01:12 PM,07/04/2022 03:01:12 PM,9201 S LUELLA AVE,,,60617,9201,S,LUELLA,AVE,false,false,,,48,7,,V044,1,04,0413,37,,23,1,7,1192855.058513,1844358.410161,41.727892364,-87.569130172,"(41.72789236373482, -87.56913017181496)"
SR22-01152411,Animal In Trap Complaint,EBD,311 City Services,Animal Care and Control,Completed,Phone Call,07/03/2022 10:55:48 PM,07/04/2022 03:01:58 PM,07/04/2022 03:01:58 PM,9201 S LUELLA AVE,,,60617,9201,S,LUELLA,AVE,false,false,,,48,7,,V044,1,04,0413,37,,22,1,7,1192855.058513,1844358.410161,41.727892364,-87.569130172,"(41.72789236373482, -87.56913017181496)"
SR22-01146064,Animal In Trap Complaint,EBD,,Animal Care and Control,Completed,Internet,07/02/2022 02:37:51 PM,07/03/2022 03:06:19 PM,07/03/2022 03:06:19 PM,240 S STATE ST,,,60604,240,S,STATE,ST,false,false,,,32,42,,P023,1,01,0113,33,,14,7,7,1176409.252233,1899094.132069,41.878477256,-87.627727551,"(41.87847725636631, -87.62772755090901)"
SR22-01132772,Animal In Trap Complaint,EBD,311 City Services,Animal Care and Control,Canceled,Phone Call,06/30/2022 03:08:21 PM,07/01/2022 07:46:59 AM,07/01/2022 07:46:59 AM,11739 S MICHIGAN AVE,,,60628,11739,S,MICHIGAN,AVE,false,false,,,53,9,,Q050,3,05,0532,7,,15,5,6,1179023.308129,1826969.67774,41.680501097,-87.620325225,"(41.680501097042615, -87.6203252254704)"
SR22-01131188,Animal In Trap Complaint,EBD,311 City Services,Animal Care and Control,Completed,Phone Call,06/30/2022 12:45:27 PM,06/30/2022 01:15:37 PM,06/30/2022 01:15:37 PM,3345 W 61ST ST,,,60629,3345,W,61ST,ST,false,false,,,66,23,,H036,2,08,0823,17,,12,5,6,1154951.722069,1863886.882142,41.782321197,-87.707456939,"(41.78232119672459, -87.70745693909964)"
SR22-01122723,Animal In Trap Complaint,EBD,311 City Services,Animal Care and Control,Completed,Phone Call,06/29/2022 12:57:12 PM,06/30/2022 01:00:49 PM,06/30/2022 01:00:49 PM,2641 W GREGORY ST,,,60625,2641,W,GREGORY,ST,false,false,,,4,40,,J009,1,20,2011,24,,12,4,6,1157565.687239,1936677.471816,41.982012928,-87.695891093,"(41.98201292800122, -87.69589109263346)"
SR22-01105926,Animal In Trap Complaint,EBD,311 City Services,Animal Care and Control,Completed,Phone Call,06/27/2022 02:12:31 PM,06/28/2022 11:49:56 AM,06/28/2022 11:49:56 AM,744 N TRUMBULL AVE,,,60624,744,N,TRUMBULL,AVE,false,false,,,23,27,,H021,2,11,1121,3,,14,2,6,1153170.479457,1904941.164271,41.89501468,-87.712900299,"(41.895014680449975, -87.71290029859799)"
SR22-01100306,Animal In Trap Complaint,EBD,,Animal Care and Control,Completed,Internet,06/26/2022 08:32:18 PM,06/27/2022 11:51:21 AM,06/27/2022 11:51:21 AM,2849 S HOMAN AVE,,,60623,2849,S,HOMAN,AVE,false,false,,,30,22,,H028,3,10,1032,15,,20,1,6,1154226.31508,1884688.16292,41.839417213,-87.709562966,"(41.83941721262709, -87.70956296637011)"
SR22-01074109,Animal In Trap Complaint,EBD,,Animal Care and Control,Completed,Internet,06/22/2022 07:41:06 PM,06/23/2022 08:32:35 AM,06/23/2022 08:32:35 AM,3636 N OSCEOLA AVE,,,60634,3636,N,OSCEOLA,AVE,false,false,,,17,38,,X113,3,16,1631,29,,19,4,6,1125684.693052,1923427.96987,41.946245987,-87.813438597,"(41.94624598683568, -87.81343859687739)"
SR22-01059064,Animal In Trap Complaint,EBD,311 City Services,Animal Care and Control,Completed,Phone Call,06/21/2022 06:30:51 AM,06/21/2022 12:09:52 PM,06/21/2022 12:09:52 PM,9800 S CHARLES ST,,,60643,9800,S,CHARLES,ST,false,false,,,72,19,,L045,1,22,2213,13,,6,3,6,1167317.465345,1839967.538849,41.716427221,-87.662803921,"(41.71642722107476, -87.66280392103104)"
SR22-01053150,Animal In Trap Complaint,EBD,311 City Services,Animal Care and Control,Completed,Phone Call,06/20/2022 07:03:05 AM,06/21/2022 07:17:50 AM,06/21/2022 07:17:50 AM,5348 W FERDINAND ST,,,60644,5348,W,FERDINAND,ST,false,false,,,25,37,,C021,2,15,1523,11,,7,2,6,1140409.644252,1902714.537011,41.889148196,-87.7598227,"(41.88914819594483, -87.75982270009345)"
SR22-01047865,Animal In Trap Complaint,EBD,,Animal Care and Control,Completed,Internet,06/18/2022 11:28:02 PM,06/19/2022 02:13:54 PM,06/19/2022 02:13:54 PM,8236 S SAWYER AVE,,,60652,8236,S,SAWYER,AVE,false,false,,,70,18,,H041,3,08,0834,21,,23,7,6,1156079.369279,1849638.908145,41.743199929,-87.703704986,"(41.74319992949227, -87.70370498595794)"
SR22-01037038,Animal In Trap Complaint,EBD,311 City Services,Animal Care and Control,Completed,Phone Call,06/17/2022 08:41:32 AM,06/18/2022 08:07:40 AM,06/18/2022 08:07:40 AM,2851 E 130TH ST,,,60633,2851,E,130TH,ST,false,false,,,55,10,,W054,3,04,0433,17,,8,6,6,1197300.751745,1819268.664136,41.658934106,-87.553677038,"(41.65893410630538, -87.55367703777615)"
SR22-01028971,Animal In Trap Complaint,EBD,311 City Services,Animal Care and Control,Completed,Phone Call,06/16/2022 09:14:22 AM,06/16/2022 03:04:22 PM,06/16/2022 03:04:22 PM,2851 E 130TH ST,,,60633,2851,E,130TH,ST,false,false,,,55,10,,W054,3,04,0433,17,,9,5,6,1197300.751745,1819268.664136,41.658934106,-87.553677038,"(41.65893410630538, -87.55367703777615)"
SR22-01023931,Animal In Trap Complaint,EBD,311 City Services,Animal Care and Control,Completed,Phone Call,06/15/2022 02:23:40 PM,06/16/2022 03:03:51 PM,06/16/2022 03:03:51 PM,4631 S LANGLEY AVE,,,60653,4631,S,LANGLEY,AVE,false,false,,,38,4,,R032,2,02,0221,12,,14,4,6,1181796.476788,1874320.814397,41.810374465,-87.608714558,"(41.81037446535871, -87.60871455798771)"
SR22-01018011,Animal In Trap Complaint,EBD,311 City Services,Animal Care and Control,Completed,Phone Call,06/14/2022 09:49:03 PM,06/16/2022 03:02:34 PM,06/16/2022 03:02:34 PM,4631 S LANGLEY AVE,,,60653,4631,S,LANGLEY,AVE,false,false,,,38,4,,R032,2,02,0221,12,,21,3,6,1181796.476788,1874320.814397,41.810374465,-87.608714558,"(41.81037446535871, -87.60871455798771)"
SR22-01012947,Animal In Trap Complaint,EBD,311 City Services,Animal Care and Control,Completed,Phone Call,06/14/2022 11:25:40 AM,06/14/2022 11:34:35 AM,06/14/2022 11:34:35 AM,7916 S CARPENTER ST,,,60620,7916,S,CARPENTER,ST,false,false,,,71,17,,N041,1,06,0612,10,,11,3,6,1170569.480018,1852221.650736,41.749984121,-87.650537277,"(41.74998412131481, -87.65053727741822)"
SR22-01010086,Animal In Trap Complaint,EBD,311 City Services,Animal Care and Control,Completed,Phone Call,06/14/2022 07:23:27 AM,06/16/2022 03:00:28 PM,06/16/2022 03:00:28 PM,5514 W RACE AVE,,,60644,5514,W,RACE,AVE,false,false,,,25,37,,C021,2,15,1523,9,,7,3,6,1139248.792078,1902837.023339,41.889505525,-87.764082893,"(41.88950552543369, -87.76408289260372)"
SR22-00987770,Animal In Trap Complaint,EBD,311 City Services,Animal Care and Control,Completed,Phone Call,06/10/2022 06:19:54 PM,06/11/2022 09:33:27 AM,06/11/2022 09:33:27 AM,4457 N LAWNDALE AVE,,,60625,4457,N,LAWNDALE,AVE,false,false,,,14,35,,G011,2,17,1723,22,,18,6,6,1150973.605195,1929587.83671,41.962690571,-87.720321713,"(41.96269057148917, -87.72032171300022)"
SR22-00979251,Animal In Trap Complaint,EBD,311 City Services,Animal Care and Control,Completed,Phone Call,06/09/2022 05:39:10 PM,06/10/2022 11:43:29 AM,06/10/2022 11:43:29 AM,12137 S PARNELL AVE,,,60628,12137,S,PARNELL,AVE,false,false,,,53,34,,O051,2,05,0523,50,,17,5,6,1174905.140505,1824241.778723,41.673107839,-87.635480543,"(41.67310783949536, -87.63548054257689)"
SR22-00963651,Animal In Trap Complaint,EBD,311 City Services,Animal Care and Control,Completed,Phone Call,06/07/2022 07:36:08 PM,06/08/2022 10:49:17 AM,06/08/2022 10:49:17 AM,2406 W WINNEMAC AVE,,,60625,2406,W,WINNEMAC,AVE,false,false,,,4,40,,J010,3,20,2031,12,,19,3,6,1159333.942814,1933464.919013,41.973161241,-87.689476719,"(41.973161241080206, -87.68947671873713)"
SR22-00960700,Animal In Trap Complaint,EBD,,Animal Care and Control,Completed,Internet,06/07/2022 01:47:55 PM,06/08/2022 09:14:25 AM,06/08/2022 09:14:25 AM,9201 S BISHOP ST,,,60620,9201,S,BISHOP,ST,false,false,,,73,21,,M044,2,22,2222,42,,13,3,6,1168372.283962,1843684.13393,41.726603514,-87.658833963,"(41.72660351419815, -87.65883396259582)"
SR22-00957748,Animal In Trap Complaint,EBD,,Animal Care and Control,Completed,Internet,06/07/2022 09:12:37 AM,06/07/2022 01:24:54 PM,06/07/2022 01:24:54 PM,9201 S BISHOP ST,,,60620,9201,S,BISHOP,ST,false,false,,,73,21,,M044,2,22,2222,42,,9,3,6,1168372.283962,1843684.13393,41.726603514,-87.658833963,"(41.72660351419815, -87.65883396259582)"
SR22-00949669,Animal In Trap Complaint,EBD,311 City Services,Animal Care and Control,Completed,Phone Call,06/06/2022 09:25:10 AM,06/06/2022 04:00:57 PM,06/06/2022 04:00:57 PM,3429 N OAK PARK AVE,,,60634,3429,N,OAK PARK,AVE,false,false,,,17,38,,Z114,3,16,1632,10,,9,2,6,1130548.745437,1922165.398237,41.942698995,-87.795588658,"(41.94269899520954, -87.79558865796284)"
SR22-00947470,Animal In Trap Complaint,EBD,311 City Services,Animal Care and Control,Canceled,Phone Call,06/05/2022 10:22:26 PM,06/05/2022 10:51:29 PM,06/05/2022 10:51:29 PM,4720 N SPRINGFIELD AVE,,,60625,4720,N,SPRINGFIELD,AVE,false,false,,,14,35,,G011,2,17,1723,30,,22,1,6,1149438.493351,1931197.601216,41.967137878,-87.725923823,"(41.96713787761954, -87.72592382316743)"
SR22-00946849,Animal In Trap Complaint,EBD,,Animal Care and Control,Canceled,Internet,06/05/2022 08:02:47 PM,06/05/2022 08:29:01 PM,06/05/2022 08:29:01 PM,3548 W 64TH PL,,,60629,3548,W,64TH,PL,false,false,,,66,23,,H037,2,08,0823,31,,20,1,6,1153653.84607,1861685.070843,41.776304915,-87.712273667,"(41.77630491457808, -87.7122736669472)"
SR22-00936297,Animal In Trap Complaint,EBD,311 City Services,Animal Care and Control,Completed,Phone Call,06/03/2022 02:46:24 PM,06/04/2022 08:07:23 AM,06/04/2022 08:07:23 AM,3408 N ORIOLE AVE,,,60634,3408,N,ORIOLE,AVE,false,false,,,17,38,,W114,3,16,1631,9,,14,6,6,1124747.607854,1921760.254991,41.941685116,-87.81692003,"(41.94168511591813, -87.81692003004298)"
SR22-00911116,Animal In Trap Complaint,EBD,,Animal Care and Control,Completed,Internet,05/31/2022 10:05:52 AM,05/31/2022 12:57:57 PM,05/31/2022 12:57:57 PM,5362 N LOWELL AVE,,,60630,5362,N,LOWELL,AVE,false,false,,,13,39,,F009,1,17,1712,39,,10,3,5,1146188.566276,1935671.612918,41.979477494,-87.737759152,"(41.979477494120765, -87.73775915159827)"
SR22-00905200,Animal In Trap Complaint,EBD,311 City Services,Animal Care and Control,Completed,Phone Call,05/30/2022 09:58:21 AM,05/31/2022 11:29:15 AM,05/31/2022 11:29:15 AM,1722 E 84TH ST,,,60617,1722,E,84TH,ST,false,false,,,45,8,,U042,1,04,0412,30,,9,2,5,1189312.959857,1849704.992839,41.742649479,-87.581934312,"(41.74264947902217, -87.58193431175376)"
SR22-00904725,Animal In Trap Complaint,EBD,311 City Services,Animal Care and Control,Completed,Phone Call,05/30/2022 07:54:55 AM,05/31/2022 01:50:53 PM,05/31/2022 01:50:53 PM,5515 W BYRON ST,,,60641,5515,W,BYRON,ST,false,false,,,15,38,,C013,3,16,1633,34,,7,2,5,1138812.144038,1925297.03803,41.951146257,-87.765139965,"(41.951146257386306, -87.76513996528976)"
SR22-00904671,Animal In Trap Complaint,EBD,311 City Services,Animal Care and Control,Completed,Phone Call,05/30/2022 07:43:44 AM,05/31/2022 01:46:46 PM,05/31/2022 01:46:46 PM,5515 W BYRON ST,,,60641,5515,W,BYRON,ST,false,false,,,15,38,,C013,3,16,1633,34,,7,2,5,1138812.144038,1925297.03803,41.951146257,-87.765139965,"(41.951146257386306, -87.76513996528976)"
SR22-00902038,Animal In Trap Complaint,EBD,311 City Services,Animal Care and Control,Completed,Phone Call,05/29/2022 02:49:10 PM,05/29/2022 03:02:08 PM,05/29/2022 03:02:08 PM,4207 W GRENSHAW ST,,,60624,4207,W,GRENSHAW,ST,false,false,,,29,24,,F024,3,11,1132,22,,14,1,5,1148464.83386,1894693.640416,41.866986386,-87.730447424,"(41.86698638649954, -87.73044742428927)"
SR22-00902019,Animal In Trap Complaint,EBD,311 City Services,Animal Care and Control,Completed,Phone Call,05/29/2022 02:43:42 PM,05/29/2022 03:03:06 PM,05/29/2022 03:03:06 PM,4207 W GRENSHAW ST,,,60624,4207,W,GRENSHAW,ST,false,false,,,29,24,,F024,3,11,1132,22,,14,1,5,1148464.83386,1894693.640416,41.866986386,-87.730447424,"(41.86698638649954, -87.73044742428927)"
SR22-00897922,Animal In Trap Complaint,EBD,311 City Services,Animal Care and Control,Completed,Phone Call,05/28/2022 02:26:58 PM,05/31/2022 11:10:08 AM,05/31/2022 11:10:08 AM,9343 S MICHIGAN AVE,,,60619,9343,S,MICHIGAN,AVE,false,false,,,49,9,,Q044,3,06,0634,42,,14,7,5,1178891.858044,1842876.235938,41.724153884,-87.620324336,"(41.724153883684046, -87.62032433643495)"
SR22-00897480,Animal In Trap Complaint,EBD,311 City Services,Animal Care and Control,Completed,Phone Call,05/28/2022 12:26:49 PM,05/29/2022 10:54:02 AM,05/29/2022 10:54:02 AM,10054 S WASHTENAW AVE,,,60655,10054,S,WASHTENAW,AVE,false,false,,,72,19,,J046,1,22,2211,45,,12,7,5,1160063.462566,1837643.666265,41.710202072,-87.689435717,"(41.710202071781524, -87.68943571731408)"
SR22-00887649,Animal In Trap Complaint,EBD,311 City Services,Animal Care and Control,Completed,Phone Call,05/26/2022 07:34:01 PM,05/27/2022 10:07:03 AM,05/27/2022 10:07:03 AM,10054 S WASHTENAW AVE,,,60655,10054,S,WASHTENAW,AVE,false,false,,,72,19,,J046,1,22,2211,45,,19,5,5,1160063.462566,1837643.666265,41.710202072,-87.689435717,"(41.710202071781524, -87.68943571731408)"
SR22-00874239,Animal In Trap Complaint,EBD,311 City Services,Animal Care and Control,Completed,Phone Call,05/25/2022 08:29:42 AM,05/25/2022 08:36:31 AM,05/25/2022 08:36:31 AM,204 N MAYFIELD AVE,,,60644,204,N,MAYFIELD,AVE,false,false,,,25,29,,B022,1,15,1512,18,,8,4,5,1137027.977751,1900964.105701,41.884406133,-87.772283758,"(41.88440613289127, -87.77228375783132)"
SR22-00853229,Animal In Trap Complaint,EBD,311 City Services,Animal Care and Control,Completed,Phone Call,05/21/2022 09:54:03 PM,05/24/2022 07:09:28 AM,05/24/2022 07:09:28 AM,9337 S MERRILL AVE,,,60617,9337,S,MERRILL,AVE,false,false,,,48,7,,V044,1,04,0413,36,,21,7,5,1192221.03573,1843302.251024,41.725009584,-87.57148691,"(41.725009583622054, -87.57148690999433)"
SR22-00850715,Animal In Trap Complaint,EBD,Animal Care and Control,Animal Care and Control,Completed,Phone Call,05/21/2022 10:12:11 AM,05/21/2022 01:01:40 PM,05/21/2022 01:01:40 PM,9033 S RACINE AVE,,,60620,9033,S,RACINE,AVE,false,false,,,73,21,,N043,2,22,2222,10,,10,7,5,1169992.376837,1844742.416561,41.729472607,-87.652868743,"(41.72947260655185, -87.65286874317704)"
SR22-00848189,Animal In Trap Complaint,EBD,311 City Services,Animal Care and Control,Completed,Phone Call,05/20/2022 05:27:29 PM,05/21/2022 07:19:34 AM,05/21/2022 07:19:34 AM,9337 S MERRILL AVE,,,60617,9337,S,MERRILL,AVE,false,false,,,48,7,,V044,1,04,0413,36,,17,6,5,1192221.03573,1843302.251024,41.725009584,-87.57148691,"(41.725009583622054, -87.57148690999433)"
SR22-00845213,Animal In Trap Complaint,EBD,311 City Services,Animal Care and Control,Completed,Phone Call,05/20/2022 12:14:28 PM,05/20/2022 12:26:36 PM,05/20/2022 12:26:36 PM,1158 W 95TH PL,,,60643,1158,W,95TH,PL,false,false,,,73,21,,N045,1,22,2213,49,,12,6,5,1170053.892751,1841487.039403,41.72053804,-87.652737679,"(41.72053803960747, -87.65273767858615)"
SR22-00844565,Animal In Trap Complaint,EBD,311 City Services,Animal Care and Control,Completed,Phone Call,05/20/2022 11:00:38 AM,05/20/2022 01:31:01 PM,05/20/2022 01:31:01 PM,2040 W ADAMS ST,,,60612,2040,W,ADAMS,ST,false,false,,,28,27,,K023,2,12,1223,25,,11,6,5,1162600.952723,1899212.080911,41.879101244,-87.678425214,"(41.87910124380452, -87.67842521449258)"
SR22-00844489,Animal In Trap Complaint,EBD,311 City Services,Animal Care and Control,Completed,Phone Call,05/20/2022 10:53:13 AM,05/20/2022 09:08:00 PM,05/20/2022 09:08:00 PM,9337 S MERRILL AVE,,,60617,9337,S,MERRILL,AVE,false,false,,,48,7,,V044,1,04,0413,36,,10,6,5,1192221.03573,1843302.251024,41.725009584,-87.57148691,"(41.725009583622054, -87.57148690999433)"
SR22-00832630,Animal In Trap Complaint,EBD,311 City Services,Animal Care and Control,Completed,Phone Call,05/18/2022 05:18:00 PM,05/19/2022 01:25:37 PM,05/19/2022 01:25:37 PM,8115 S PERRY AVE,,,60620,8115,S,PERRY,AVE,false,false,,,44,21,,P041,2,06,0622,31,,17,4,5,1177100.21651,1851097.396985,41.746754324,-87.626639753,"(41.74675432433635, -87.62663975342033)"
SR22-00830242,Animal In Trap Complaint,EBD,311 City Services,Animal Care and Control,Completed,Phone Call,05/18/2022 01:04:58 PM,05/18/2022 08:48:31 PM,05/18/2022 08:48:31 PM,7755 S MORGAN ST,,,60620,7755,S,MORGAN,ST,false,false,,,71,17,,N040,2,06,0621,2,,13,4,5,1171082.740736,1853161.76802,41.752552734,-87.648629053,"(41.752552734492276, -87.64862905280728)"
SR22-00825658,Animal In Trap Complaint,EBD,311 City Services,Animal Care and Control,Completed,Phone Call,05/17/2022 07:08:46 PM,05/18/2022 08:23:50 AM,05/18/2022 08:23:50 AM,8353 S INGLESIDE AVE,,,60619,8353,S,INGLESIDE,AVE,false,false,,,44,8,,S042,3,06,0632,41,,19,3,5,1184124.133457,1849621.970102,41.742544413,-87.600948618,"(41.742544412971874, -87.60094861794897)"
SR22-00813494,Animal In Trap Complaint,EBD,311 City Services,Animal Care and Control,Completed,Phone Call,05/16/2022 10:44:42 AM,05/18/2022 08:21:29 AM,05/18/2022 08:21:29 AM,9921 S SANGAMON ST,,,60643,9921,S,SANGAMON,ST,false,false,,,73,34,,N046,3,22,2232,44,,10,2,5,1171806.714281,1838924.22392,41.713467092,-87.646392414,"(41.71346709245998, -87.64639241365607)"
SR22-00802589,Animal In Trap Complaint,EBD,311 City Services,Animal Care and Control,Completed,Phone Call,05/14/2022 05:49:48 AM,05/17/2022 08:16:10 AM,05/17/2022 08:16:10 AM,9337 S MERRILL AVE,,,60617,9337,S,MERRILL,AVE,false,false,,,48,7,,V044,1,04,0413,36,,5,7,5,1192221.03573,1843302.251024,41.725009584,-87.57148691,"(41.725009583622054, -87.57148690999433)"
SR22-00801310,Animal In Trap Complaint,EBD,311 City Services,Animal Care and Control,Completed,Phone Call,05/13/2022 07:12:26 PM,05/18/2022 08:21:18 AM,05/18/2022 08:21:18 AM,12111 S LAFLIN ST,,,60643,12111,S,LAFLIN,ST,false,false,,,53,34,,M051,2,05,0524,51,,19,6,5,1168597.314022,1824356.662463,41.673560965,-87.658564342,"(41.67356096486787, -87.65856434222671)"
SR22-00793425,Animal In Trap Complaint,EBD,311 City Services,Animal Care and Control,Canceled,Phone Call,05/12/2022 03:45:16 PM,05/18/2022 08:21:05 AM,05/18/2022 08:21:05 AM,2640 W CATALPA AVE,,,60625,2640,W,CATALPA,AVE,false,false,,,4,40,,J009,1,20,2011,24,,15,5,5,1157577.263203,1936502.879024,41.981533601,-87.695853298,"(41.98153360070876, -87.69585329812666)"
SR22-00765722,Animal In Trap Complaint,EBD,311 City Services,Animal Care and Control,Completed,Phone Call,05/09/2022 10:29:23 AM,05/10/2022 07:45:13 AM,05/10/2022 07:45:13 AM,3620 S ELLIS AVE,,,60653,3620,S,ELLIS,AVE,false,false,,,36,4,,R030,1,02,0212,30,,10,2,5,1181857.206287,1881018.226183,41.828751262,-87.608284525,"(41.82875126170685, -87.60828452499767)"
SR22-00755035,Animal In Trap Complaint,EBD,311 City Services,Animal Care and Control,Completed,Phone Call,05/06/2022 09:31:57 PM,05/07/2022 09:15:06 AM,05/07/2022 09:15:06 AM,10221 S CALUMET AVE,,,60628,10221,S,CALUMET,AVE,false,false,,,49,9,,Q046,1,05,0511,5,,21,6,5,1180463.14499,1837180.531347,41.708488281,-87.614742937,"(41.70848828083778, -87.6147429373996)"
SR22-00751825,Animal In Trap Complaint,EBD,Alderman,Animal Care and Control,Completed,Alderman's Office,05/06/2022 12:46:41 PM,05/06/2022 01:08:04 PM,05/06/2022 01:08:05 PM,1842 W WARNER AVE,,,60613,1842,W,WARNER,AVE,false,false,,,5,47,,L012,1,19,1912,39,,12,6,5,1163066.114769,1927663.206677,41.957163294,-87.675916397,"(41.95716329399518, -87.67591639692074)"
SR22-00735676,Animal In Trap Complaint,EBD,,Animal Care and Control,Completed,Mobile Device,05/04/2022 06:44:32 AM,05/04/2022 12:33:26 PM,05/04/2022 12:33:26 PM,1271 N MARION CT,,,60622,1271,N,MARION,CT,false,false,,,24,1,,L019,2,14,1424,21,,6,4,5,1163810.142763,1908788.916898,41.905355426,-87.673714958,"(41.90535542641747, -87.67371495821307)"
SR22-00731844,Animal In Trap Complaint,EBD,311 City Services,Animal Care and Control,Completed,Phone Call,05/03/2022 01:20:22 PM,05/03/2022 05:34:31 PM,05/03/2022 05:34:31 PM,3213 W 62ND PL,,,60629,3213,W,62ND,PL,false,false,,,66,23,,H036,2,08,0823,17,,13,3,5,1155961.697809,1862868.008036,41.779505023,-87.7037814,"(41.77950502275088, -87.70378140005528)"
SR22-00724960,Animal In Trap Complaint,EBD,311 City Services,Animal Care and Control,Completed,Phone Call,05/02/2022 02:20:26 PM,05/03/2022 05:33:32 PM,05/03/2022 05:33:32 PM,3213 W 62ND PL,,,60629,3213,W,62ND,PL,false,false,,,66,23,,H036,2,08,0823,17,,14,2,5,1155961.697809,1862868.008036,41.779505023,-87.7037814,"(41.77950502275088, -87.70378140005528)"
SR22-00706032,Animal In Trap Complaint,EBD,311 City Services,Animal Care and Control,Completed,Phone Call,04/29/2022 08:44:28 AM,04/29/2022 10:13:51 AM,04/29/2022 10:13:51 AM,7035 W WOLFRAM ST,,,60634,7035,W,WOLFRAM,ST,false,false,,,18,29,,Y115,1,25,2511,39,,8,6,4,1128712.997536,1918072.464734,41.931498894,-87.802429202,"(41.931498894232945, -87.80242920214592)"
SR22-00704465,Animal In Trap Complaint,EBD,311 City Services,Animal Care and Control,Completed,Phone Call,04/28/2022 09:05:11 PM,04/29/2022 07:45:25 AM,04/29/2022 07:45:25 AM,2159 N SAYRE AVE,,,60707,2159,N,SAYRE,AVE,false,false,,,25,29,,Y117,1,25,2512,23,,21,5,4,1129332.661787,1913795.444669,41.919751663,-87.800249708,"(41.91975166282537, -87.80024970809757)"
SR22-00701520,Animal In Trap Complaint,EBD,311 City Services,Animal Care and Control,Completed,Phone Call,04/28/2022 01:45:10 PM,04/29/2022 12:58:09 PM,04/29/2022 12:58:09 PM,3213 W 62ND PL,,,60629,3213,W,62ND,PL,false,false,,,66,23,,H036,2,08,0823,17,,13,5,4,1155961.697729,1862868.008566,41.779505024,-87.7037814,"(41.77950502420804, -87.70378140033374)"
SR22-00693337,Animal In Trap Complaint,EBD,311 City Services,Animal Care and Control,Completed,Phone Call,04/27/2022 11:24:30 AM,04/28/2022 07:04:27 AM,04/28/2022 07:04:27 AM,3213 W 62ND PL,,,60629,3213,W,62ND,PL,false,false,,,66,23,,H036,2,08,0823,17,,11,4,4,1155961.697729,1862868.008566,41.779505024,-87.7037814,"(41.77950502420804, -87.70378140033374)"
SR22-00686877,Animal In Trap Complaint,EBD,311 City Services,Animal Care and Control,Completed,Phone Call,04/26/2022 12:26:43 PM,04/27/2022 07:20:33 AM,04/27/2022 07:20:33 AM,3213 W 62ND PL,,,60629,3213,W,62ND,PL,false,false,,,66,23,,H036,2,08,0823,17,,12,3,4,1155961.697729,1862868.008566,41.779505024,-87.7037814,"(41.77950502420804, -87.70378140033374)"
SR22-00655296,Animal In Trap Complaint,EBD,311 City Services,Animal Care and Control,Canceled,Phone Call,04/21/2022 11:47:23 AM,04/21/2022 02:14:23 PM,04/21/2022 02:14:23 PM,6032 S MICHIGAN AVE,,,60637,6032,S,MICHIGAN,AVE,false,false,,,40,20,,Q036,1,03,0311,23,,11,5,4,1178086.55753,1864897.323992,41.784600552,-87.622607753,"(41.78460055187164, -87.62260775304267)"
SR22-00655187,Animal In Trap Complaint,EBD,311 City Services,Animal Care and Control,Canceled,Phone Call,04/21/2022 11:38:07 AM,04/21/2022 12:54:09 PM,04/21/2022 12:54:09 PM,9721 S CARPENTER ST,,,60643,9721,S,CARPENTER,ST,false,false,,,73,34,,N045,2,22,2223,52,,11,5,4,1171115.942043,1840165.886091,41.716889494,-87.648886118,"(41.71688949410856, -87.64888611833246)"
SR22-00647786,Animal In Trap Complaint,EBD,311 City Services,Animal Care and Control,Completed,Phone Call,04/20/2022 11:34:46 AM,04/20/2022 01:10:11 PM,04/20/2022 01:10:11 PM,2510 W 26TH ST,,,60608,2510,W,26TH,ST,false,false,,,30,24,,J027,3,10,1034,16,,11,4,4,1159993.641309,1886870.888441,41.845289967,-87.688339248,"(41.84528996746514, -87.68833924750751)"
SR22-00620899,Animal In Trap Complaint,EBD,311 City Services,Animal Care and Control,Completed,Phone Call,04/15/2022 01:23:40 PM,04/15/2022 02:17:29 PM,04/15/2022 02:17:30 PM,11630 S EWING AVE,,,60617,11630,S,EWING,AVE,false,false,,,55,10,,Y050,3,04,0433,14,,13,6,4,1202156.881828,1828322.575847,41.683657034,-87.535600904,"(41.68365703424817, -87.53560090373065)"
SR22-00610308,Animal In Trap Complaint,EBD,311 City Services,Animal Care and Control,Completed,Phone Call,04/14/2022 08:42:25 AM,04/14/2022 08:50:33 AM,04/14/2022 08:50:33 AM,8908 S EGGLESTON AVE,,,60620,8908,S,EGGLESTON,AVE,false,false,,,71,21,,O043,2,22,2223,44,,8,5,4,1174786.766065,1845803.80601,41.732279851,-87.635274119,"(41.73227985131625, -87.63527411909965)"
SR22-00592142,Animal In Trap Complaint,EBD,311 City Services,Animal Care and Control,Completed,Phone Call,04/11/2022 12:54:19 PM,04/12/2022 10:26:43 AM,04/12/2022 10:26:43 AM,2804 W 82ND ST,,,60652,2804,W,82ND,ST,false,false,,,70,18,,I041,3,08,0835,4,,12,2,4,1159040.039457,1850205.741997,41.744695455,-87.692841392,"(41.7446954546736, -87.69284139223508)"
SR22-00585368,Animal In Trap Complaint,EBD,,Animal Care and Control,Completed,Internet,04/10/2022 10:45:33 AM,04/11/2022 11:39:05 AM,04/11/2022 11:39:05 AM,1252 W 98TH ST,,,60643,1252,W,98TH,ST,false,false,,,73,21,,M045,1,22,2213,21,,10,1,4,1169474.871795,1839855.070775,41.716072213,-87.654905598,"(41.716072212899014, -87.6549055980037)"
SR22-00568668,Animal In Trap Complaint,EBD,311 City Services,Animal Care and Control,Completed,Phone Call,04/07/2022 01:00:53 PM,04/08/2022 10:12:13 AM,04/08/2022 10:12:13 AM,5262 S STATE ST,,,60609,5262,S,STATE,ST,false,false,,,40,3,,P034,2,02,0225,16,,13,5,4,1176605.250913,1869858.899858,41.798249086,-87.627889525,"(41.79824908576682, -87.62788952464768)"
SR22-00563264,Animal In Trap Complaint,EBD,,Animal Care and Control,Completed,Internet,04/06/2022 06:23:21 PM,04/07/2022 07:28:45 AM,04/07/2022 07:28:45 AM,362 E 70TH PL,,,60637,362,E,70TH,PL,false,false,,,69,6,,Q038,2,03,0322,48,,18,4,4,1179942.86262,1858407.660742,41.766749954,-87.616000307,"(41.766749954427496, -87.61600030701224)"
SR22-00562504,Animal In Trap Complaint,EBD,311 City Services,Animal Care and Control,Completed,Phone Call,04/06/2022 04:15:50 PM,04/07/2022 07:26:51 AM,04/07/2022 07:26:51 AM,12831 S GREEN ST,,,60643,12831,S,GREEN,ST,false,false,,,53,34,,N053,2,05,0523,6,,16,4,4,1173081.56687,1819733.208754,41.660775897,-87.642287254,"(41.6607758968623, -87.64228725427435)"
SR22-00556518,Animal In Trap Complaint,EBD,,Animal Care and Control,Completed,Internet,04/05/2022 11:59:28 PM,04/06/2022 08:26:32 AM,04/06/2022 08:26:32 AM,535 W 123RD ST,,,60628,535,W,123RD,ST,false,false,,,53,34,,O052,2,05,0523,50,,23,3,4,1174862.246392,1823330.111882,41.670607031,-87.635664552,"(41.67060703092502, -87.63566455249861)"
SR22-00551211,Animal In Trap Complaint,EBD,311 City Services,Animal Care and Control,Completed,Phone Call,04/05/2022 10:10:18 AM,04/05/2022 10:18:17 AM,04/05/2022 10:18:17 AM,5338 W QUINCY ST,,,60644,5338,W,QUINCY,ST,false,false,,,25,29,,C023,2,15,1522,28,,10,3,4,1140621.643666,1898565.787892,41.877759612,-87.759146083,"(41.8777596123444, -87.75914608274569)"
SR22-00546845,Animal In Trap Complaint,EBD,311 City Services,Animal Care and Control,Completed,Phone Call,04/04/2022 02:51:26 PM,04/05/2022 10:16:38 AM,04/05/2022 10:16:38 AM,5338 W QUINCY ST,,,60644,5338,W,QUINCY,ST,false,false,,,25,29,,C023,2,15,1522,28,,14,2,4,1140621.643666,1898565.787892,41.877759612,-87.759146083,"(41.8777596123444, -87.75914608274569)"
SR22-00546758,Animal In Trap Complaint,EBD,311 City Services,Animal Care and Control,Completed,Phone Call,04/04/2022 02:40:16 PM,04/05/2022 10:15:33 AM,04/05/2022 10:15:33 AM,5338 W MONROE ST,,,60644,5338,W,MONROE,ST,false,false,,,25,29,,C023,2,15,1522,14,,14,2,4,1140591.767222,1899204.339531,41.879512429,-87.7592401,"(41.87951242882448, -87.75924009982333)"
SR22-00537591,Animal In Trap Complaint,EBD,311 City Services,Animal Care and Control,Completed,Phone Call,04/02/2022 07:19:44 PM,04/04/2022 02:58:00 PM,04/04/2022 02:58:00 PM,9445 S LASALLE ST,,,60620,9445,S,LASALLE,ST,false,false,,,49,21,,P044,3,06,0634,45,,19,7,4,1176972.315576,1842321.273041,41.722674406,-87.627372186,"(41.722674405662865, -87.62737218645843)"
SR22-00527150,Animal In Trap Complaint,EBD,311 City Services,Animal Care and Control,Completed,Phone Call,03/31/2022 09:20:13 PM,04/01/2022 09:32:47 AM,04/01/2022 09:32:47 AM,2910 N RUTHERFORD AVE,,,60634,2910,N,RUTHERFORD,AVE,false,false,,,18,36,,Z115,1,25,2511,19,,21,5,3,1130840.393132,1918670.037949,41.933102292,-87.79459743,"(41.93310229199272, -87.79459742951694)"
SR22-00524468,Animal In Trap Complaint,EBD,311 City Services,Animal Care and Control,Completed,Phone Call,03/31/2022 01:47:44 PM,04/01/2022 07:11:40 AM,04/01/2022 07:11:40 AM,8001 S STEWART AVE,,,60620,8001,S,STEWART,AVE,false,false,,,44,17,,P041,2,06,0623,39,,13,5,3,1175094.137742,1851841.32174,41.748840723,-87.633968341,"(41.74884072336391, -87.6339683414918)"
SR22-00503448,Animal In Trap Complaint,EBD,311 City Services,Animal Care and Control,Completed,Phone Call,03/28/2022 03:45:08 PM,03/29/2022 07:17:15 AM,03/29/2022 07:17:15 AM,3213 W 62ND PL,,,60629,3213,W,62ND,PL,false,false,,,66,23,,H036,2,08,0823,17,,15,2,3,1155961.697729,1862868.008566,41.779505024,-87.7037814,"(41.77950502420804, -87.70378140033374)"
SR22-00483488,Animal In Trap Complaint,EBD,,Animal Care and Control,Completed,Internet,03/24/2022 06:57:30 PM,03/25/2022 10:00:09 AM,03/25/2022 10:00:09 AM,3144 N OCTAVIA AVE,,,60707,3144,N,OCTAVIA,AVE,false,false,,,17,29,,X115,1,25,2511,32,,18,5,3,1126804.831317,1920291.837566,41.93762134,-87.809391698,"(41.93762134049409, -87.80939169777271)"
SR22-00478200,Animal In Trap Complaint,EBD,311 City Services,Animal Care and Control,Completed,Phone Call,03/24/2022 08:00:37 AM,03/24/2022 12:30:43 PM,03/24/2022 12:30:43 PM,13221 S FORRESTVILLE AVE,,,60827,13221,S,FORRESTVILLE,AVE,false,false,,,54,9,,Q054,3,05,0533,33,,8,5,3,1182388.141356,1817608.788351,41.654736358,-87.608296671,"(41.65473635839313, -87.60829667068988)"
SR22-00478035,Animal In Trap Complaint,EBD,311 City Services,Animal Care and Control,Completed,Phone Call,03/24/2022 07:32:36 AM,03/24/2022 12:04:22 PM,03/24/2022 12:04:22 PM,1851 N NATOMA AVE,,,60707,1851,N,NATOMA,AVE,false,false,,,25,29,,Z118,1,25,2513,43,,7,5,3,1131856.398396,1911793.717608,41.914215249,-87.791023432,"(41.914215248837934, -87.79102343241021)"
SR22-00474464,Animal In Trap Complaint,EBD,311 City Services,Animal Care and Control,Completed,Phone Call,03/23/2022 02:28:10 PM,03/23/2022 02:40:24 PM,03/23/2022 02:40:24 PM,8956 S PARNELL AVE,,,60620,8956,S,PARNELL,AVE,false,false,,,71,21,,O043,2,22,2223,12,,14,4,3,1174135.141971,1845322.53987,41.73097367,-87.637675539,"(41.730973669759976, -87.63767553916718)"
SR22-00465650,Animal In Trap Complaint,EBD,311 City Services,Animal Care and Control,Completed,Phone Call,03/22/2022 11:58:35 AM,03/22/2022 12:11:46 PM,03/22/2022 12:11:46 PM,320 S RICHMOND ST,,,60612,320,S,RICHMOND,ST,false,false,,,27,27,,I023,2,11,1124,14,,11,3,3,1156696.392638,1898305.787605,41.876735877,-87.700130321,"(41.876735876829656, -87.70013032085663)"
SR22-00461668,Animal In Trap Complaint,EBD,311 City Services,Animal Care and Control,Completed,Phone Call,03/21/2022 06:59:31 PM,03/22/2022 01:55:32 PM,03/22/2022 01:55:32 PM,328 N WALLER AVE,,,60644,328,N,WALLER,AVE,false,false,,,25,29,,B022,1,15,1512,11,,18,2,3,1137990.963811,1901782.943175,41.886635799,-87.768727709,"(41.88663579870501, -87.76872770928881)"
SR22-00451402,Animal In Trap Complaint,EBD,311 City Services,Animal Care and Control,Completed,Phone Call,03/20/2022 08:44:54 AM,03/22/2022 08:15:23 AM,03/22/2022 08:15:23 AM,4817 W FERDINAND ST,,,60644,4817,W,FERDINAND,ST,false,false,,,25,37,,D021,3,15,1532,30,,8,1,3,1144070.414293,1902814.745713,41.889355253,-87.746376202,"(41.88935525297474, -87.74637620216322)"
SR22-00448890,Animal In Trap Complaint,EBD,311 City Services,Animal Care and Control,Completed,Phone Call,03/19/2022 02:28:12 PM,03/21/2022 03:00:10 PM,03/21/2022 03:00:10 PM,3213 W 62ND PL,,,60629,3213,W,62ND,PL,false,false,,,66,23,,H036,2,08,0823,17,,14,7,3,1155961.697729,1862868.008566,41.779505024,-87.7037814,"(41.77950502420804, -87.70378140033374)"
SR22-00432941,Animal In Trap Complaint,EBD,311 City Services,Animal Care and Control,Completed,Phone Call,03/17/2022 03:06:08 AM,03/17/2022 08:13:29 AM,03/17/2022 08:13:29 AM,5711 N WASHTENAW AVE,,,60659,5711,N,WASHTENAW,AVE,false,false,,,2,40,,J008,1,20,2011,2,,3,5,3,1157337.631159,1937908.660335,41.985396021,-87.696696167,"(41.98539602117918, -87.6966961674779)"
SR22-00409925,Animal In Trap Complaint,EBD,,Animal Care and Control,Completed,Mobile Device,03/13/2022 06:32:24 PM,03/13/2022 06:52:26 PM,03/13/2022 06:52:26 PM,7206 S FRANCISCO AVE,,,60629,7206,S,FRANCISCO,AVE,false,false,,,66,18,,I039,3,08,0831,27,,18,1,3,1158201.500456,1856645.301605,41.762383702,-87.695739075,"(41.76238370206602, -87.69573907476236)"
SR22-00383018,Animal In Trap Complaint,EBD,311 City Services,Animal Care and Control,Completed,Phone Call,03/09/2022 08:23:03 AM,03/09/2022 08:28:54 AM,03/09/2022 08:28:54 AM,6719 S CRANDON AVE,,,60649,6719,S,CRANDON,AVE,false,false,,,43,5,,V038,3,03,0331,32,,8,4,3,1192579.24432,1860771.493896,41.772937965,-87.569606829,"(41.77293796494361, -87.56960682918728)"
SR22-00381372,Animal In Trap Complaint,EBD,311 City Services,Animal Care and Control,Completed,Phone Call,03/08/2022 06:52:40 PM,03/09/2022 08:58:03 AM,03/09/2022 08:58:03 AM,6719 S CRANDON AVE,,,60649,6719,S,CRANDON,AVE,false,false,,,43,5,,V038,3,03,0331,32,,18,3,3,1192579.24432,1860771.493896,41.772937965,-87.569606829,"(41.77293796494361, -87.56960682918728)"
SR22-00377995,Animal In Trap Complaint,EBD,311 City Services,Animal Care and Control,Completed,Phone Call,03/08/2022 12:29:03 PM,03/08/2022 01:14:54 PM,03/08/2022 01:14:54 PM,1703 W WASECA PL,,,60643,1703,W,WASECA,PL,false,false,,,75,34,,L049,3,22,2234,19,,12,3,3,1166940.489375,1829892.239815,41.688786997,-87.664471204,"(41.688786997167576, -87.66447120360822)"
SR22-00339287,Animal In Trap Complaint,EBD,,Animal Care and Control,Completed,Mobile Device,03/02/2022 08:55:00 AM,03/02/2022 10:45:26 AM,03/02/2022 10:45:26 AM,3301 W 79TH ST,,,60652,3301,W,79TH,ST,false,false,,,70,18,,H041,3,08,0834,23,,8,4,3,1155727.892499,1851940.03938,41.749521663,-87.704931252,"(41.749521663246234, -87.70493125233871)"
SR22-00257926,Animal In Trap Complaint,EBD,311 City Services,Animal Care and Control,Completed,Phone Call,02/16/2022 06:05:43 PM,02/17/2022 08:31:30 AM,02/17/2022 08:31:30 AM,8333 S PEORIA ST,,,60620,8333,S,PEORIA,ST,false,false,,,71,21,,N042,1,06,0613,34,,18,4,2,1171822.994973,1849438.167211,41.742318484,-87.646025331,"(41.74231848415599, -87.64602533085788)"
SR22-00253111,Animal In Trap Complaint,EBD,311 City Services,Animal Care and Control,Completed,Phone Call,02/16/2022 09:05:30 AM,02/16/2022 02:03:47 PM,02/16/2022 02:03:47 PM,10932 S HERMOSA AVE,,,60643,10932,S,HERMOSA,AVE,false,false,,,75,19,,L048,1,22,2212,43,,9,4,2,1166814.428293,1832021.38891,41.694632428,-87.66487222,"(41.694632428164134, -87.66487222030325)"
SR22-00250570,Animal In Trap Complaint,EBD,Animal Care and Control,Animal Care and Control,Canceled,Phone Call,02/15/2022 05:43:39 PM,02/15/2022 05:54:00 PM,02/15/2022 05:54:00 PM,2741 S WESTERN AVE,,,60608,2741,S,WESTERN,AVE,false,false,,,31,25,,K028,3,10,1034,26,,17,3,2,1161112.953873,1885622.66789,41.841841575,-87.68426611,"(41.84184157486816, -87.68426611039422)"
SR22-00231061,Animal In Trap Complaint,EBD,,Animal Care and Control,Completed,Internet,02/11/2022 02:37:07 PM,02/14/2022 01:30:17 PM,02/14/2022 01:30:17 PM,9345 S STEWART AVE,,,60620,9345,S,STEWART,AVE,false,false,,,49,21,,P044,3,06,0634,39,,14,6,2,1175523.617427,1842972.399545,41.724493663,-87.632659162,"(41.72449366340958, -87.63265916167575)"
SR22-00221628,Animal In Trap Complaint,EBD,311 City Services,Animal Care and Control,Completed,Phone Call,02/10/2022 09:08:43 AM,02/10/2022 09:12:45 AM,02/10/2022 09:12:45 AM,945 W HURON ST,,,60642,945,W,HURON,ST,false,false,,,24,27,,N021,1,12,1214,1,,9,5,2,1169791.560242,1904987.035292,41.894794513,-87.651854296,"(41.894794512750856, -87.65185429578833)"
SR22-00204881,Animal In Trap Complaint,EBD,311 City Services,Animal Care and Control,Completed,Phone Call,02/07/2022 03:03:02 PM,02/09/2022 07:15:51 AM,02/09/2022 07:15:51 AM,5054 W GLADYS AVE,,,60644,5054,W,GLADYS,AVE,false,false,,,25,28,,D023,3,15,1533,31,,15,2,2,1142705.111887,1897939.660469,41.876002936,-87.751511596,"(41.87600293633235, -87.75151159642633)"
SR22-00202079,Animal In Trap Complaint,EBD,,Animal Care and Control,Completed,Internet,02/07/2022 09:54:29 AM,02/07/2022 03:11:25 PM,02/07/2022 03:11:25 PM,1522 N MENARD AVE,,,60651,1522,N,MENARD,AVE,false,false,,,25,29,,B019,3,25,2531,25,,9,2,2,1137318.705748,1909650.024717,41.90823617,-87.771007097,"(41.90823616956428, -87.7710070969364)"
SR22-00201221,Animal In Trap Complaint,EBD,,Animal Care and Control,Completed,Internet,02/07/2022 08:38:45 AM,02/07/2022 03:08:08 PM,02/07/2022 03:08:08 PM,5307 W BARRY AVE,,,60641,5307,W,BARRY,AVE,false,false,,,19,31,,C015,1,25,2514,25,,8,2,2,1140390.724852,1920018.540079,41.936632678,-87.759466992,"(41.93663267843209, -87.75946699232148)"
SR22-00198266,Animal In Trap Complaint,EBD,311 City Services,Animal Care and Control,Canceled,Phone Call,02/06/2022 12:56:34 PM,02/06/2022 03:30:26 PM,02/06/2022 03:30:26 PM,6518 S KOMENSKY AVE,,,60629,6518,S,KOMENSKY,AVE,false,false,,,65,13,,F037,3,08,0833,28,,12,1,2,1150425.246275,1860958.767284,41.774375195,-87.724128517,"(41.774375194856795, -87.7241285170831)"
SR22-00196636,Animal In Trap Complaint,EBD,311 City Services,Animal Care and Control,Completed,Phone Call,02/05/2022 10:07:08 PM,02/07/2022 02:07:34 PM,02/07/2022 02:07:34 PM,11726 S HARVARD AVE,,,60628,11726,S,HARVARD,AVE,false,false,,,53,34,,P050,2,05,0522,14,,22,7,2,1175992.364622,1827055.400425,41.680804629,-87.631417351,"(41.68080462921771, -87.63141735105985)"
SR22-00188420,Animal In Trap Complaint,EBD,Animal Care and Control,Animal Care and Control,Completed,Phone Call,02/04/2022 09:51:06 AM,02/04/2022 02:44:27 PM,02/04/2022 02:44:27 PM,3558 S EMERALD AVE,,,60609,3558,S,EMERALD,AVE,false,false,,,60,11,,O030,1,09,0915,21,,9,6,2,1171816.154131,1881049.985752,41.829065051,-87.645123303,"(41.829065050868344, -87.64512330331544)"
SR22-00176034,Animal In Trap Complaint,EBD,311 City Services,Animal Care and Control,Completed,Phone Call,02/02/2022 11:19:46 AM,02/02/2022 02:09:24 PM,02/02/2022 02:09:24 PM,5656 W OHIO ST,,,60644,5656,W,OHIO,ST,false,false,,,25,29,,B021,1,15,1511,35,,11,4,2,1138320.893737,1903474.787589,41.891272473,-87.767475132,"(41.89127247302637, -87.7674751324661)"
SR22-00173616,Animal In Trap Complaint,EBD,311 City Services,Animal Care and Control,Completed,Phone Call,02/01/2022 07:03:57 PM,02/01/2022 07:30:35 PM,02/01/2022 07:30:35 PM,2839 N NORMANDY AVE,,,60634,2839,N,NORMANDY,AVE,false,false,,,18,36,,Z115,1,25,2511,19,,19,3,2,1131332.625422,1918300.630627,41.932080093,-87.792797038,"(41.9320800925631, -87.79279703795)"
SR22-00145456,Animal In Trap Complaint,EBD,311 City Services,Animal Care and Control,Completed,Phone Call,01/27/2022 12:35:34 PM,01/27/2022 02:16:59 PM,01/27/2022 02:16:59 PM,5656 W OHIO ST,,,60644,5656,W,OHIO,ST,false,false,,,25,29,,B021,1,15,1511,35,,12,5,1,1138320.893737,1903474.787589,41.891272473,-87.767475132,"(41.89127247302637, -87.7674751324661)"
SR22-00142202,Animal In Trap Complaint,EBD,311 City Services,Animal Care and Control,Completed,Phone Call,01/26/2022 07:49:19 PM,01/27/2022 08:25:39 AM,01/27/2022 08:25:39 AM,3653 W 57TH ST,,,60629,3653,W,57TH,ST,false,false,,,62,23,,G035,2,08,0822,33,,19,4,1,1152735.940779,1866487.809529,41.789502506,-87.715512181,"(41.789502506275355, -87.71551218105964)"
SR22-00115006,Animal In Trap Complaint,EBD,311 City Services,Animal Care and Control,Completed,Phone Call,01/21/2022 05:30:59 PM,01/22/2022 07:49:44 AM,01/22/2022 07:49:44 AM,10840 S EDBROOKE AVE,,,60628,10840,S,EDBROOKE,AVE,false,false,,,49,9,,Q048,1,05,0513,34,,17,6,1,1179097.087148,1832946.528081,41.696900765,-87.619873962,"(41.69690076465579, -87.61987396202235)"
SR22-00108991,Animal In Trap Complaint,EBD,311 City Services,Animal Care and Control,Completed,Phone Call,01/20/2022 05:57:19 PM,01/20/2022 06:44:56 PM,01/20/2022 06:44:56 PM,3647 N OCONTO AVE,,,60634,3647,N,OCONTO,AVE,false,false,,,17,38,,X113,3,16,1631,29,,17,5,1,1127165.269206,1923573.262959,41.946619916,-87.807993084,"(41.9466199162258, -87.80799308401357)"
SR22-00090557,Animal In Trap Complaint,EBD,311 City Services,Animal Care and Control,Completed,Phone Call,01/17/2022 09:29:31 PM,01/19/2022 07:09:23 AM,01/19/2022 07:09:23 AM,3132 S CALUMET AVE,,,60616,3132,S,CALUMET,AVE,false,false,,,35,4,,Q029,1,02,0211,38,,21,2,1,1179026.535277,1884146.712127,41.837401149,-87.618574452,"(41.83740114869992, -87.61857445175224)"
SR22-00054863,Animal In Trap Complaint,EBD,311 City Services,Animal Care and Control,Completed,Phone Call,01/10/2022 07:28:05 PM,01/10/2022 08:01:13 PM,01/10/2022 08:01:13 PM,3600 W 85TH PL,,,60652,3600,W,85TH,PL,false,false,,,70,18,,G042,3,08,0834,7,,19,2,1,1153764.641441,1847712.048006,41.737958458,-87.712237314,"(41.73795845759148, -87.71223731371951)"
SR22-00034985,Animal In Trap Complaint,EBD,,Animal Care and Control,Completed,Internet,01/07/2022 12:41:30 PM,01/08/2022 07:37:09 AM,01/08/2022 07:37:09 AM,2236 N MONITOR AVE,,,60639,2236,N,MONITOR,AVE,false,false,,,19,36,,B017,1,25,2515,23,,12,6,1,1136959.560617,1914303.407616,41.921012054,-87.772214597,"(41.92101205416671, -87.77221459727109)"
SR22-00022381,Animal In Trap Complaint,EBD,311 City Services,Animal Care and Control,Completed,Phone Call,01/05/2022 12:08:47 PM,01/05/2022 12:13:39 PM,01/05/2022 12:13:39 PM,19 W 112TH ST,,,60628,19,W,112TH,ST,false,false,,,49,34,,P049,2,05,0522,38,,12,4,1,1178026.167551,1830627.412079,41.690561051,-87.623864963,"(41.69056105087357, -87.6238649626805)"
